Response Time,Concurrency (WC1)
325.651228,1
366.362586,2
302.320067,3
278.739208,4
269.763511,5
231.81673,6
242.668838,7
193.352609,8
158.293959,9
198.168733,10
198.562461,11
137.419129,12
151.75337,13
80.255646,14
135.016872,15
103.984733,16
206.79007,9
258.668178,2
201.327227,3
58.543737,3
6.425054,1
12.00523,1
21.221982,1
2.592484,1
24.902713,1
6.346332,1
14.079862,1
11.833128,1
19.273359,1
50.097086,1
32.677914,1
32.990594,1
26.012558,1
9.603008,1
15.278287,1
18.361514,1
14.273086,1
3.949589,1
2.670609,1
12.378542,1
39.365053,1
12.682247,1
3.154417,1
32.291283,1
9.863,1
9.802733,1
58.264118,1
6.488306,1
5.118543,1
38.051483,2
25.544367,1
8.061841,1
4.428861,1
18.325204,1
16.908354,1
13.386573,1
5.971022,1
17.676101,1
5.309362,1
29.07494,1
4.528207,1
2.622583,1
6.309553,1
13.266855,1
3.298356,1
33.599912,1
6.875783,1
3.001021,1
36.028793,1
53.487882,2
22.462859,1
25.441573,1
11.807567,1
18.383367,1
10.505664,1
7.475859,1
19.261776,1
13.481345,2
13.727855,1
17.600348,1
8.722887,1
20.070599,1
2.412584,1
6.189072,1
13.400971,1
9.119599,1
2.858164,1
19.196785,1
15.603755,1
7.371732,1
11.303353,1
15.478408,1
24.103333,1
6.701749,1
19.787419,1
26.090955,1
3.534927,2
27.116862,1
6.344675,1
28.073129,1
5.089101,1
20.095536,1
11.315702,1
2.16283,2
21.812764,1
7.839789,1
24.757015,1
10.215334,1
10.528015,1
8.076082,1
9.67905,1
9.27049,1
13.608769,1
33.8527,1
13.562508,2
14.757185,1
7.967648,1
5.043606,1
48.475826,1
21.108365,2
22.318126,1
3.358397,1
4.789008,1
18.010588,1
7.042039,1
22.882428,1
12.650889,1
13.857648,1
51.17418,1
2.259077,2
20.137112,1
3.365853,1
8.823143,1
3.112117,1
36.869156,1
11.123927,1
25.354329,1
9.655924,2
6.691361,1
15.245035,2
4.122251,1
28.856913,1
5.556841,1
13.712678,1
14.292839,2
29.612669,1
7.412462,1
7.71397,1
12.090253,1
3.588306,1
8.689007,1
28.653305,1
12.064369,1
12.586803,1
20.771687,1
2.360276,1
8.567593,1
19.739056,1
6.516076,1
3.860145,1
32.87649,1
60.295054,1
39.967326,1
10.748843,1
12.906156,1
4.875136,1
4.493696,1
13.18597,1
5.078079,1
7.363734,1
9.413029,1
26.185224,1
6.217252,1
49.8133,1
22.869831,1
5.100028,1
17.161115,1
3.292282,1
12.269101,1
15.899338,1
3.90519,1
4.748891,1
6.97055,1
14.21314,1
20.832477,1
51.382172,1
12.682285,2
35.936003,1
14.972052,2
9.481185,1
26.657017,1
8.709311,1
2.759651,1
59.191391,1
74.18761,2
21.770361,2
19.03839,1
30.431547,1
32.7401,1
27.27382,1
5.258999,1
8.335175,1
12.133331,1
8.078337,1
10.523599,1
9.740085,1
9.657785,1
21.91502,1
4.56436,1
17.690299,1
1.810625,1
12.45595,1
13.521841,1
30.969612,1
40.468084,1
16.445874,1
18.349888,1
6.991988,1
27.451066,1
1.702106,1
12.20775,1
61.050011,2
17.486179,2
11.908916,1
13.431933,1
15.646544,1
11.592515,1
4.43689,1
52.59596,1
25.23988,1
17.875871,2
19.551772,1
6.290177,1
9.223017,1
19.84484,1
35.859908,1
1.923283,1
17.278661,1
15.374669,1
5.168055,2
17.74585,1
21.627382,1
13.3786,1
11.80119,1
9.014011,1
11.855493,1
2.657972,1
36.207644,1
14.952121,1
28.3361,2
17.543262,1
15.336649,1
21.339992,1
9.170742,1
19.68437,1
5.079335,1
19.902773,1
9.246812,1
14.884399,1
22.793209,1
9.299545,1
4.979142,1
13.810274,1
13.979194,1
17.588146,1
22.404477,1
0.940294,1
5.342602,1
32.336696,1
34.95306,2
5.286956,1
52.389538,2
5.042094,1
11.783767,1
15.498347,1
20.677511,1
54.855447,1
2.919341,1
97.003175,1
16.35945,2
15.586035,1
3.238512,1
2.681752,1
8.645221,1
2.139894,1
33.158739,1
21.375073,1
3.974307,1
82.387973,1
7.198511,2
7.434076,1
23.072474,1
32.485123,1
16.252133,1
42.321803,1
4.544147,1
13.100695,1
10.653276,1
17.972185,1
13.26525,1
5.791234,1
19.334934,1
15.396343,1
28.150662,1
27.643661,1
18.80551,1
36.75984,1
27.841313,1
10.084134,1
5.817339,1
4.612098,1
1.046581,1
23.514859,1
17.439472,1
21.631219,1
23.751173,1
8.411731,1
7.066601,2
20.502756,1
6.158718,1
9.884646,1
17.018234,1
5.151644,1
17.921717,1
5.779284,2
1.800079,1
16.685863,1
7.450362,1
4.934135,1
8.993093,1
24.935905,1
18.358198,1
5.240794,1
13.597294,1
3.019296,1
1.441026,1
11.406211,1
14.584858,1
45.660476,1
34.41276,1
5.419541,1
9.799911,1
23.894039,1
28.367128,1
9.860355,1
50.614861,1
9.640918,1
12.173504,1
1.473548,1
27.411208,1
29.052259,1
20.487828,2
19.031442,1
49.607489,1
1.217824,1
4.639651,1
31.777167,1
4.390291,1
37.265908,1
16.684825,2
12.727716,1
1.673967,1
5.895409,1
35.9704,1
2.562856,1
30.444931,1
11.757913,1
20.570221,1
29.671854,1
5.012658,1
42.36718,1
16.306059,1
14.110086,1
8.32362,1
26.305011,1
15.066053,1
30.123169,1
13.610676,1
7.093985,1
8.800262,1
8.97505,1
11.556796,1
1.778001,1
28.712503,1
2.053445,1
14.782209,1
19.063172,1
21.626017,1
5.879859,1
7.135404,1
30.620793,1
20.914262,1
16.558234,1
41.904586,1
25.35256,1
24.148748,1
2.782995,1
67.63925,1
12.337937,1
23.553776,1
39.400385,1
26.896667,2
2.287477,1
40.334196,1
5.658983,1
43.966629,1
2.41933,1
18.622651,1
2.223163,1
23.957521,1
2.610722,1
6.210334,1
44.496985,1
3.914369,1
18.527572,1
19.912001,1
1.485537,1
1.702037,1
49.461312,1
37.236647,1
3.720534,1
34.395725,1
8.69126,1
15.242923,1
37.665225,1
15.700599,1
13.859539,1
7.466936,1
15.988349,1
29.1693,1
30.109712,1
13.381807,1
4.004506,1
11.258987,1
34.51061,1
10.366945,1
25.738564,1
1.479741,1
2.885065,1
33.630493,1
71.468677,1
130.51818,2
7.354288,2
13.166324,2
4.867932,1
12.364703,1
12.395066,1
7.538077,1
28.598497,1
1.896349,1
15.655916,1
79.435949,1
5.587164,2
30.053502,1
42.909589,2
6.377812,1
7.698575,1
17.716934,1
18.056705,1
10.777776,2
4.270904,1
10.343813,1
4.794035,1
4.983869,1
25.175431,1
4.544525,1
41.600766,1
23.320033,1
18.834321,1
26.204135,1
5.271874,1
3.423574,1
18.932603,1
3.650107,1
10.722729,1
2.195443,1
2.216312,1
3.074958,1
2.695232,1
34.251462,1
14.148305,1
9.418299,1
9.944677,1
2.042962,1
10.577689,1
14.629899,1
29.577162,1
18.598123,1
32.510724,1
6.997458,1
6.219095,1
14.230862,1
4.003638,1
38.716777,1
28.097174,1
3.744886,1
5.35187,1
91.984852,1
20.383242,1
8.784604,1
1.04196,1
5.185416,1
3.936907,1
14.038455,1
2.720402,1
12.562707,1
15.621838,1
0.969659,1
27.661685,1
8.165203,1
4.338129,1
6.562155,1
1.37413,1
15.566217,1
5.676683,1
5.405366,1
31.911988,1
6.881864,1
15.345792,1
17.102998,2
2.698877,1
9.81889,1
14.491251,1
11.55128,2
14.276502,1
13.40548,1
62.524507,2
13.521243,1
2.243577,1
8.735501,1
43.381286,1
9.621963,1
4.214155,1
25.816924,1
18.376833,1
19.103086,1
29.321719,1
21.548448,1
35.33932,1
29.356349,1
14.086706,1
36.245611,1
15.133805,1
2.514521,1
8.989969,1
17.865366,1
4.900738,1
31.779761,1
1.104099,1
3.037171,1
2.834949,1
11.460866,1
7.715775,1
11.354849,1
33.55604,1
14.968142,2
12.814702,1
8.026718,1
78.256707,1
12.08299,1
28.043698,1
4.223438,1
27.871509,1
2.987259,2
4.15811,1
9.509557,1
14.354488,2
43.500794,1
5.955592,2
1.875244,1
33.662329,1
3.67612,1
15.240313,1
74.889586,1
4.316848,1
10.491635,1
24.920142,1
6.610432,1
6.91406,1
3.990926,1
1.89578,1
14.468571,1
10.347882,1
10.402415,1
35.937475,1
21.96018,1
2.393017,2
8.9969,2
16.221105,1
17.823824,1
7.353845,1
2.432199,1
14.192244,1
6.208919,1
37.883003,1
65.857787,1
19.457865,1
27.006329,1
40.228955,1
8.404985,1
24.659392,1
29.749081,2
9.016806,1
2.902695,1
23.992575,1
10.655938,1
3.864576,1
10.664781,1
6.558439,1
20.345307,1
6.619653,1
9.381925,1
3.364541,1
35.391855,1
5.08202,1
20.331612,1
7.436598,2
14.825801,1
1.358649,1
23.327959,1
6.551456,1
1.9742,1
1.833211,1
25.701943,1
4.909881,1
78.334462,1
33.957693,2
53.912522,3
27.387741,2
31.637317,1
9.413514,1
25.805886,1
20.710949,1
8.907906,1
9.300368,1
4.819843,1
3.238478,1
20.896913,1
13.584412,1
21.355096,1
32.48427,1
13.473904,1
17.033254,1
6.061999,1
4.639312,1
13.931648,1
1.304446,1
9.746726,1
10.793342,1
63.139298,2
17.302732,1
11.077165,1
4.719486,1
12.670248,1
8.541394,1
7.316916,1
10.16558,1
9.573678,1
25.235318,1
16.487808,2
23.729922,1
9.175988,1
5.019584,1
30.264069,1
35.150105,1
40.543447,2
10.298381,1
2.377519,2
12.988954,1
2.724701,1
1.592735,1
5.095423,1
3.024751,1
8.498098,1
32.51355,1
6.737873,1
31.289557,1
5.476965,1
5.239306,1
3.722997,1
3.160068,1
81.99785,1
14.647298,2
27.229931,1
3.822674,1
66.493825,1
19.25554,1
9.736174,1
16.042675,1
5.940343,1
13.034838,1
2.44143,1
15.571436,2
5.796065,1
32.45293,1
15.768537,1
17.673783,1
25.655255,2
38.01324,1
7.783343,2
9.144898,1
63.918165,1
42.182392,2
6.338677,1
14.140218,1
11.526217,1
2.462401,1
59.200876,1
14.853287,2
44.622116,1
6.835632,1
9.75191,1
11.404013,1
14.302851,1
14.593819,1
4.839543,1
1.255836,1
23.940341,1
14.430969,1
2.801088,1
5.401829,1
25.461549,1
10.316378,1
24.170017,1
24.917967,1
7.489447,1
9.848701,1
8.152176,1
28.939559,1
8.012226,1
34.450108,1
14.78506,1
10.862726,1
11.087448,1
11.071847,1
54.762606,1
1.416896,2
22.185333,1
36.210815,1
13.350067,1
3.516019,1
4.282214,1
41.483806,1
20.316432,1
14.388855,1
8.070925,1
2.762147,1
37.731677,1
33.058909,1
22.663525,2
6.96422,1
2.536981,1
7.02815,1
13.606704,1
6.790397,1
32.751309,1
3.227903,1
6.340711,1
2.503718,1
10.574418,1
25.420478,1
9.859036,1
4.005433,1
7.18931,1
20.817056,1
16.431259,1
8.411925,1
14.841237,1
4.459833,2
47.586448,2
8.265993,1
15.342261,2
9.077905,1
28.965945,1
15.07345,1
10.35201,1
38.670035,1
26.906048,1
7.404242,2
25.188736,1
5.269786,1
8.791838,1
10.506136,1
10.993181,1
7.035556,1
15.047381,1
10.764522,1
41.281461,1
5.868024,1
2.35304,1
20.88229,1
25.104806,1
1.399019,1
26.861257,1
11.657666,1
3.05412,1
5.19221,1
2.649817,1
24.003465,1
19.296226,2
22.244606,1
62.780148,1
1.540483,1
13.437801,1
3.879549,1
25.213589,1
14.737048,1
11.163378,1
11.972975,1
3.348974,1
16.902571,1
16.265147,1
5.346056,1
4.216729,1
27.717822,1
21.076086,1
2.235479,1
54.961936,1
6.097501,1
42.481848,1
9.938553,1
2.750014,1
57.481026,1
2.132803,1
10.326174,1
1.486213,1
80.394598,1
24.628616,1
6.565918,1
16.685887,1
5.044776,1
5.746853,1
8.340141,1
5.582825,1
6.665884,1
11.184648,1
7.733539,1
4.67193,1
58.876235,1
17.753596,2
3.682342,1
32.207243,1
3.033243,1
9.127494,1
42.15584,1
7.673587,2
12.023187,1
26.347473,1
3.343806,1
3.950506,1
31.968878,1
29.642783,1
4.2263,1
7.670352,1
8.591327,1
23.777844,1
5.923408,1
3.410629,1
47.625313,1
41.890533,1
27.084645,1
44.369506,2
0.819695,1
39.199446,1
48.933753,2
14.892709,1
7.597456,1
5.514581,1
13.455311,1
23.670964,1
36.971006,1
21.670509,1
30.928412,1
6.66015,1
12.78678,1
1.948242,2
19.373631,1
23.139498,1
9.48353,1
16.60876,1
6.168819,1
33.482546,1
39.349386,2
25.073622,1
1.127713,1
36.51599,1
39.376977,1
46.180572,1
5.524396,1
5.418673,2
29.431551,1
20.808664,1
37.60476,1
13.770567,1
18.999168,1
10.266511,1
38.383057,1
55.947226,1
16.496093,1
32.942064,1
17.72236,1
8.95043,1
9.807234,1
10.351883,1
11.904326,2
14.372274,1
7.391663,1
6.244763,1
2.606954,1
2.497658,1
30.140267,1
25.448331,1
8.529348,1
3.894221,1
56.067573,1
12.929266,2
3.785486,1
17.798573,1
15.630811,1
15.513595,1
7.896244,1
12.051658,1
11.67691,1
71.168054,1
26.766007,1
8.392107,1
28.331192,1
22.322966,1
9.018477,1
1.569925,1
3.100839,1
1.826423,1
24.484179,1
1.433072,1
14.781836,1
58.784822,1
0.821118,1
18.429954,1
3.601557,1
24.918842,1
37.154434,1
4.989622,1
8.310504,1
10.044646,1
8.119389,1
7.096185,1
25.71262,1
4.730028,2
20.10381,1
8.751733,1
15.962425,1
4.618603,1
9.059344,1
8.439189,1
19.537722,1
2.460923,1
8.370312,2
1.725331,1
29.996319,1
13.578069,1
34.83038,1
20.312576,1
28.647701,1
3.26723,1
11.988186,1
21.206157,1
31.974152,1
10.096702,1
6.744514,1
39.934918,1
7.350154,1
16.260356,1
4.182315,1
1.017785,1
2.529917,1
12.407084,1
12.094869,1
21.277296,1
3.062636,1
6.350167,1
30.651813,1
31.345326,1
39.729926,1
8.880135,1
26.598864,1
4.019648,1
27.107649,1
1.946565,1
20.688452,1
21.992422,1
6.07092,1
30.981629,1
8.266786,1
8.650177,1
15.938951,1
36.644764,1
6.672983,1
3.119966,1
4.846305,1
44.101309,1
2.059062,1
12.107609,1
21.627751,1
43.137638,1
106.745099,1
1.886739,1
30.408667,1
4.024533,1
1.158614,1
2.701194,1
11.657631,1
24.138425,1
11.93618,1
8.816787,1
32.680168,1
30.693516,1
12.509508,1
24.596304,2
31.50532,1
6.487697,1
5.424364,1
8.384599,1
6.307253,1
12.720744,1
4.024806,1
4.986083,1
6.722378,1
10.32739,1
5.443586,1
47.291983,1
7.244181,1
12.188181,1
5.345435,1
13.770818,1
2.553417,1
22.320934,1
4.126036,1
4.772765,1
12.861514,1
1.862574,2
23.835284,1
42.208099,1
12.289547,1
19.381512,1
3.391832,1
15.943438,1
31.113418,1
34.293076,1
30.891978,1
23.482021,2
20.578681,1
20.464697,1
4.675668,1
20.342935,1
11.532863,1
11.476126,1
25.025742,1
19.970121,1
35.90487,2
12.078308,1
56.560279,1
37.248603,1
4.077167,1
18.154455,1
3.903319,1
2.29853,1
2.738593,1
3.720265,1
30.199533,1
2.407177,1
14.466298,1
5.869966,1
9.451329,1
4.006497,1
5.869842,1
28.628196,2
25.162127,1
7.729949,1
6.455225,1
14.740232,1
6.800879,1
9.048871,1
17.116055,1
7.794088,1
9.274718,1
2.086147,1
44.052014,1
4.060222,1
2.16335,1
12.541652,1
3.990937,1
10.17263,1
23.17689,1
26.504167,1
7.122839,1
34.315372,1
19.156425,1
11.182275,1
4.979924,1
37.462412,1
18.310079,1
6.893711,1
19.927008,1
12.980403,1
16.356744,1
5.678185,1
45.19906,1
18.354748,1
10.386659,1
70.187572,1
28.243264,1
26.239184,1
11.745873,1
16.328987,1
1.593728,2
8.615051,1
8.980066,1
50.489619,1
8.233243,1
8.224112,1
16.453569,1
15.836601,1
12.490077,1
9.07241,1
3.915524,1
42.777348,1
3.093447,2
13.04056,1
21.125688,1
3.681699,1
11.640628,1
24.311945,1
8.290949,1
44.60009,1
22.999138,1
16.254769,1
16.37125,1
4.985748,1
30.475402,1
16.67672,1
18.153704,1
28.164278,1
3.959861,1
1.247178,1
3.288177,1
7.834726,1
5.331199,1
23.946809,1
66.430316,1
10.087689,2
27.321064,1
15.723882,2
12.265814,1
11.715326,1
52.126957,1
14.784726,2
15.428405,1
15.246311,1
7.809348,1
1.85895,1
45.641388,1
8.867219,1
15.293184,1
18.337635,1
0.941751,1
7.676157,1
17.173829,1
2.538534,1
1.472569,1
4.321921,1
13.312137,1
12.845719,1
2.35067,1
44.001337,1
32.769149,1
16.000473,1
6.217126,1
22.90708,1
4.029944,1
7.988355,1
3.600114,1
14.474826,1
6.257408,1
18.181295,1
3.41244,1
30.255325,1
9.647142,1
39.770501,1
5.85715,1
2.401385,1
1.626045,1
5.418418,1
21.4574,1
13.371006,1
7.432095,1
37.58741,1
25.384066,1
21.149824,1
33.441719,2
15.077385,1
25.823948,1
3.565557,1
6.437248,1
6.344405,1
1.792706,1
1.877877,1
4.528963,1
12.178509,1
6.044306,1
9.582807,1
10.295716,1
3.791013,1
5.90183,1
12.204393,1
31.982394,1
29.808475,2
9.523558,1
7.97307,1
9.467773,1
14.291761,2
9.908997,1
18.120938,1
12.824102,1
45.830071,1
10.968732,1
8.079521,1
6.115827,1
17.779306,1
12.142737,1
38.076983,1
4.221702,1
1.104159,1
16.475542,1
21.952298,1
19.886375,1
59.038495,1
9.172512,2
34.3912,1
9.716442,1
20.147774,1
3.236287,1
49.657584,1
6.259958,1
29.69593,1
7.953725,1
22.726044,1
41.354232,1
2.180183,1
3.279774,1
24.634411,1
18.1243,1
5.645696,1
24.131146,1
1.919517,1
33.642109,1
33.567435,1
1.152367,1
17.986192,1
1.348038,1
13.626869,1
36.281834,1
33.643102,1
62.013674,1
1.370585,1
10.275035,1
16.475124,1
19.68684,1
32.475692,1
7.473685,1
11.927187,1
6.041223,1
9.720237,1
3.664462,1
16.169937,1
10.894238,1
13.658964,1
23.952588,1
46.858015,1
18.470911,1
15.114198,1
24.738346,1
8.883271,1
6.947774,1
6.480597,1
4.211574,1
49.060084,1
8.026811,1
27.484729,1
6.340974,2
5.306067,1
16.008933,1
17.897399,1
9.277459,1
8.628698,1
48.154408,1
17.792523,1
3.767769,1
33.988299,1
19.167898,1
3.010339,1
3.926823,1
4.35285,2
16.862733,1
7.237189,1
24.184396,1
11.967693,1
17.014333,1
53.944029,1
3.511313,1
2.932981,1
1.042522,1
23.861591,1
5.907441,2
52.918652,1
3.616095,2
11.339197,1
16.414517,1
39.350897,1
8.576685,1
43.28413,1
12.332274,1
1.033862,1
16.947026,1
14.501558,1
8.094844,1
4.718296,1
11.506113,1
7.692168,1
23.731823,1
17.27037,1
1.120128,1
7.201533,1
7.153613,1
8.610456,1
6.058042,1
106.863748,1
18.380211,2
31.507452,1
21.379201,1
10.738529,1
9.704055,1
2.557918,1
7.916348,1
2.84467,1
5.190557,1
26.113424,1
7.144019,1
25.078704,1
12.037926,1
11.626369,1
12.807645,1
9.116328,1
3.845192,1
7.038279,1
10.197731,1
19.23421,1
44.786573,1
8.514501,1
22.24046,1
1.154805,1
15.908705,1
4.351485,1
12.852046,1
14.091335,1
26.517874,1
26.706902,1
18.874344,1
18.594629,1
2.168229,1
22.12953,1
19.763779,1
27.892098,1
7.035867,1
9.460458,1
2.630305,1
13.774929,1
7.982289,1
15.99733,1
14.451529,1
18.789954,1
13.864825,1
14.662001,1
36.576848,1
7.494509,1
17.329745,1
20.80636,1
34.71634,1
25.597247,1
66.642806,1
18.159779,1
0.953374,1
13.685701,1
43.077162,1
1.266922,1
22.40955,1
16.684002,1
16.360334,1
3.244971,1
31.286042,1
8.071136,1
9.834664,1
15.383007,1
14.687838,1
31.406949,1
36.135219,1
7.240925,2
3.093799,1
4.128481,1
2.684105,1
11.073743,1
4.669279,1
8.774128,1
13.717753,1
1.314156,1
19.118485,1
35.346891,1
42.235068,1
22.272873,1
10.449544,1
1.089673,1
13.587816,1
5.181516,1
6.607588,1
14.208701,1
15.66835,1
7.848207,1
24.212122,1
10.032244,1
20.369129,1
15.239169,2
7.856837,1
46.882015,1
7.815164,2
11.628574,1
19.675322,1
12.582985,1
11.100327,1
1.819559,1
9.706792,1
28.577979,1
14.714941,1
4.714571,1
26.296749,1
20.501258,1
6.359921,1
9.947243,1
1.94491,1
13.440862,1
11.709544,1
3.012621,1
18.660694,1
56.383873,1
1.563875,2
3.44971,1
10.4814,1
4.846742,1
6.4659,1
34.907624,1
45.488163,1
53.131477,2
49.679644,1
1.513285,1
4.504313,1
21.517111,1
2.520694,1
5.004571,1
3.750168,1
4.636419,1
26.479327,1
7.729508,1
7.233792,1
5.201425,1
23.158356,1
7.026768,1
24.116851,1
17.989394,1
5.108112,1
9.04061,1
5.056231,1
40.983994,1
19.36366,1
2.914479,1
18.527457,1
3.724946,1
7.521896,1
8.395221,1
2.165918,1
11.637428,1
15.935865,1
17.731904,1
5.528553,1
7.431009,1
11.503803,1
2.327566,1
2.491692,1
5.953342,1
3.244377,1
18.936539,1
14.042224,1
4.970505,1
8.500203,1
10.440875,1
15.717868,1
11.518844,1
29.67838,1
95.118215,1
8.799533,2
16.086226,1
31.034574,2
37.209936,2
19.917811,1
10.452127,1
2.481406,1
4.570832,1
2.235029,1
16.847704,1
10.990815,1
7.52576,1
1.519319,1
14.665396,1
23.581382,1
7.193106,1
16.29498,1
26.096783,1
8.571735,1
18.914415,1
29.406731,1
5.983525,1
14.178403,1
17.923149,1
2.577718,1
14.680339,1
3.138888,1
29.013232,1
2.946944,1
8.350543,1
45.373506,1
9.452847,1
12.257837,1
11.949182,1
9.763055,1
6.359047,1
1.824088,1
19.249835,1
5.678664,1
0.800258,1
2.433853,1
49.203574,1
5.259473,1
5.790124,1
61.970909,1
15.304116,1
6.451821,1
14.410298,1
29.795249,1
9.804239,1
6.388129,1
29.084952,1
2.822637,1
33.898737,1
14.906817,1
28.222712,1
20.698747,1
2.675176,1
5.043506,1
24.42472,1
10.420712,1
6.654328,1
3.731366,1
10.326701,1
10.029113,1
7.42947,1
32.226157,1
9.231194,1
12.594007,1
12.634382,1
23.202888,1
5.452596,1
66.834917,1
4.52482,2
5.825386,1
13.962064,1
13.343314,1
12.455606,1
1.566367,1
29.846051,1
1.276326,1
23.244431,1
18.505489,1
12.970641,2
8.653024,1
4.30145,1
9.066935,1
58.929865,1
8.351257,1
14.306861,1
7.011237,1
24.802525,1
3.576212,1
7.286494,1
54.805876,1
8.008595,1
44.262564,1
4.926635,1
49.555844,1
12.047782,1
7.896544,1
46.289436,1
6.852949,1
9.998025,1
11.70609,1
13.752244,1
6.239886,1
12.349065,1
5.052863,1
7.831338,1
15.42513,1
5.616245,1
7.375835,1
12.154618,1
1.741971,1
2.338703,1
3.502135,1
1.276592,1
17.402009,1
13.941467,1
10.554628,1
9.963565,1
33.528912,1
8.576321,2
22.861365,1
13.341008,1
4.054422,1
50.531745,1
5.629597,1
36.005352,1
26.501587,1
4.069738,1
47.897183,1
25.100402,1
7.489649,1
5.638982,1
49.966678,1
33.850114,1
16.779159,1
4.440289,1
26.880197,1
15.599438,1
27.788639,1
31.665719,1
47.210601,1
35.509908,1
11.769284,1
10.799494,1
8.261104,1
25.840659,1
54.569514,1
12.686951,1
1.819129,1
9.632287,1
23.683443,1
5.169222,1
11.805763,1
13.551662,1
2.034229,1
32.493897,1
4.887038,1
2.387905,1
25.757395,1
19.361533,1
11.412522,1
0.730199,1
18.770477,1
13.843075,1
4.926157,1
13.392132,1
0.96266,1
16.384351,1
2.896282,1
52.567936,1
9.816906,1
1.845988,1
3.331587,1
60.56939,1
20.074665,2
4.658498,1
4.495921,1
1.225304,1
29.098472,1
4.770856,1
13.539077,1
18.144034,1
4.596465,1
7.434205,1
1.264917,1
6.827707,1
1.17115,2
4.193131,1
10.962757,1
3.492799,1
6.522401,1
5.806954,1
29.219309,1
31.952738,1
12.230022,1
12.61739,1
79.172056,1
23.194591,1
8.717118,1
4.776349,2
29.758569,1
3.809714,1
6.027713,1
6.789925,1
24.727996,1
17.148728,1
23.824621,1
5.421379,1
79.257545,1
11.681898,1
22.03722,1
19.385651,1
2.213678,1
77.161439,1
42.434946,1
18.848341,1
8.250592,1
5.098441,1
16.558724,1
5.058871,1
2.034649,1
8.161667,1
6.208085,1
24.194239,1
14.330152,1
24.222449,1
18.503985,1
1.267259,1
25.194362,1
28.817187,1
11.800191,1
10.521761,1
21.526218,1
7.477753,1
11.840359,2
2.575128,1
1.769934,1
28.37528,1
18.713065,1
5.769477,1
7.949622,1
7.777335,1
11.839805,1
5.902483,1
4.825504,1
8.011862,1
9.638456,1
61.722835,1
7.419617,1
9.777168,1
1.392805,1
20.644454,1
6.629787,2
54.351371,3
8.868872,1
5.90276,1
7.641435,1
1.207875,1
1.863535,1
4.511382,1
5.976803,1
35.199571,1
3.029048,1
24.572384,1
63.917637,1
5.963927,1
3.464502,1
3.340088,1
5.326164,1
2.842769,1
31.757128,1
2.877415,1
31.478756,1
31.074627,2
19.24244,1
5.751264,1
1.698497,1
25.028139,1
18.614805,1
18.373054,1
35.029613,1
6.938379,1
13.46695,1
56.831665,1
8.363668,1
8.502772,1
25.162206,1
13.968315,1
10.41087,1
34.427045,1
7.912279,1
12.745568,1
46.194409,1
24.076452,1
80.061666,1
25.63381,1
28.047046,1
4.757615,1
34.364651,1
26.790976,1
2.503779,1
27.849021,1
52.822427,1
14.051308,1
12.313884,1
18.020831,1
40.739852,1
75.820594,1
6.548223,1
6.517604,1
3.031589,1
8.408642,1
1.945449,1
10.351547,1
22.035168,1
15.483816,1
17.462209,1
3.916976,1
34.270257,1
3.306036,1
18.131466,1
8.798509,1
2.663066,1
24.601851,1
1.507368,1
4.675391,1
16.454233,1
18.230069,1
12.800014,2
23.722576,1
2.54321,1
31.312675,1
2.575032,1
9.468041,1
49.244274,1
6.806908,2
32.935067,1
12.27838,1
10.369001,1
1.461551,1
59.565258,1
2.046778,1
19.232788,1
6.332904,1
34.093454,1
13.599182,1
8.948783,1
4.270264,1
3.353375,1
50.703536,1
12.473503,1
5.758001,2
7.775965,1
13.79724,1
27.835269,1
11.501637,1
8.127281,1
4.583112,1
29.872196,1
30.180653,2
12.423323,1
2.652853,1
3.686143,1
8.489436,1
5.982095,1
8.534071,1
9.997676,1
3.87339,1
4.479205,1
22.966084,1
36.584384,1
26.93923,1
54.348491,1
7.692908,1
34.27361,1
1.672651,1
19.152503,1
29.074071,1
3.363276,2
17.952573,1
50.216825,1
2.15123,1
11.321516,1
1.96708,1
24.944373,1
32.727405,1
12.679413,2
16.560358,1
4.399405,1
18.782908,1
1.617403,1
38.978194,1
18.081995,2
7.759677,1
93.966438,1
1.493704,2
1.430551,1
8.300719,1
6.002097,1
14.914003,1
39.545334,1
10.358987,1
16.697173,1
6.584606,1
2.981254,1
28.072156,1
5.253246,1
20.167858,1
18.153266,1
13.055309,1
27.864487,1
6.370245,1
2.910569,1
9.650731,1
3.744441,1
22.054253,1
21.446059,1
25.575967,2
9.658113,1
9.702218,1
6.62399,1
9.983847,1
1.627654,1
25.977419,1
3.494301,2
8.8755,1
25.764292,1
9.079329,1
8.049991,1
20.173664,1
6.026082,1
8.876301,1
7.54469,1
17.170088,1
23.632052,1
1.858388,1
11.230388,1
34.169682,1
6.912619,2
4.366067,1
14.97405,1
27.276744,1
23.96648,1
10.027552,1
130.346459,1
28.584014,2
5.685969,1
31.459537,1
6.500158,1
12.564702,1
1.184298,1
14.021253,1
7.089111,1
5.481171,1
3.538065,1
9.040023,1
1.902494,1
13.890746,1
3.844705,1
30.141437,1
7.441427,1
3.30106,1
8.951236,1
22.199636,1
18.125896,1
26.531825,1
3.479262,1
10.124598,1
22.993572,1
23.650836,1
8.20097,1
20.514312,1
31.348141,1
20.13329,1
20.18165,1
8.374113,1
20.236573,1
19.69563,1
13.468544,1
19.672687,1
1.719345,1
6.238998,1
3.36393,1
13.795909,1
10.787963,1
7.088802,1
7.635845,1
7.255737,1
41.157113,1
4.776004,1
7.861077,1
6.963806,1
17.993426,1
23.041817,1
1.624449,1
8.723381,1
3.035022,1
16.053261,1
24.874063,1
5.784321,1
1.876069,1
6.613532,1
10.895384,1
13.730821,1
28.679449,1
12.6009,2
5.291882,1
7.29004,1
2.669714,1
1.804126,1
23.122996,1
13.901002,1
4.652718,1
4.841291,1
15.540495,1
7.50984,1
5.983252,1
37.008589,1
25.850611,1
16.935611,1
23.424606,1
27.339182,1
23.72517,1
16.947584,1
23.193193,1
5.068732,1
12.79166,1
3.529313,2
9.036453,1
67.260224,2
9.389147,1
9.008048,1
39.057716,1
9.971225,1
7.210175,1
5.402857,1
2.13883,1
8.664263,1
13.959772,1
29.551833,1
17.696852,1
2.367958,2
13.283615,1
11.230248,1
16.337786,1
11.859969,1
27.862053,1
6.644064,1
27.607562,1
5.000073,1
17.149025,1
4.527607,1
46.357431,1
25.350762,1
28.140602,2
57.492031,1
27.624644,1
6.461174,1
2.896806,1
18.302922,1
13.298819,1
4.779472,1
8.528391,1
41.49678,1
11.885895,1
10.656315,1
1.743928,1
20.256284,1
19.054931,1
1.266712,1
6.935145,1
6.788513,1
38.676813,1
13.371181,1
9.33553,1
52.128525,1
16.813196,1
26.107664,1
26.627174,1
4.399734,2
1.150983,1
18.907334,1
1.062339,1
54.81875,1
64.668324,1
10.182714,1
66.701705,1
14.948096,2
7.028802,1
10.339709,1
25.487239,1
7.239363,1
21.136623,1
17.77841,1
20.12664,1
5.807856,1
4.094707,1
4.488213,1
5.954473,1
43.635834,1
24.87891,1
30.604441,1
23.952736,1
33.020114,1
37.837078,1
18.308262,1
27.814271,1
2.782961,1
27.378825,1
22.701908,2
9.850378,1
26.878522,1
6.346205,1
3.88679,1
4.616596,1
15.478256,1
21.236011,1
3.469742,2
28.131402,1
3.462029,1
13.571572,1
45.522664,1
35.367373,1
15.347519,1
12.876621,1
6.765145,1
10.524638,1
29.057966,1
3.513735,1
13.459962,1
18.368099,1
18.603966,1
1.222186,1
6.147386,1
5.59468,1
9.391882,1
2.195372,1
5.514661,1
21.784851,1
1.575213,1
19.434476,1
75.982357,1
35.69526,1
8.38786,1
9.200454,1
23.926544,1
7.086403,1
6.862802,1
25.437256,1
22.163118,2
2.812103,1
9.320647,1
32.219048,1
54.83162,1
10.165376,1
9.552141,1
9.379242,1
36.672343,1
8.557909,2
20.991563,1
12.267277,1
6.208286,1
9.894643,1
14.959628,1
2.346934,1
6.439221,1
27.884908,1
1.473447,2
11.331169,1
2.472138,1
7.172857,1
11.781019,1
4.103198,1
3.194315,1
8.946374,1
14.650601,1
16.952849,1
20.412471,1
48.457505,1
0.822729,1
3.564277,1
6.330684,1
1.014348,1
3.189386,1
11.891142,1
3.841793,1
2.898029,1
0.821378,1
9.500206,1
2.551086,1
19.969692,1
21.701502,2
11.8242,1
1.952637,1
5.516673,1
11.114047,1
10.352759,1
5.429468,1
3.104938,1
7.198192,1
2.797217,1
4.573936,1
18.274299,1
17.298086,1
4.179278,1
6.607141,1
5.149815,1
18.87002,1
1.915248,1
9.714697,1
3.457601,1
19.76366,1
1.464829,1
61.036101,1
9.51878,1
15.233443,1
4.79218,1
7.338756,1
6.080698,1
21.673768,1
3.351454,1
2.146465,1
5.318964,1
18.697801,1
82.809368,2
24.09142,2
26.193452,1
27.569722,1
10.002106,1
43.552227,1
17.614059,1
17.285973,1
9.119256,2
8.663704,1
9.579819,1
5.41705,1
23.857083,1
15.846392,2
41.569851,1
46.048457,2
5.548483,1
3.003068,1
22.578069,1
7.491846,1
3.287334,1
5.447366,1
5.240901,1
9.967092,1
57.997969,1
7.32508,1
3.595039,1
13.382414,1
40.724631,1
3.460049,1
25.478818,1
28.107836,1
3.465991,1
63.944175,1
4.445465,1
15.858002,1
10.321494,1
34.6107,1
2.078415,1
40.465768,1
3.170875,1
15.475674,1
26.759401,1
44.430917,1
11.079572,1
4.180629,1
11.730874,1
87.280327,1
59.191643,1
3.860551,1
37.534391,1
12.090652,1
66.43881,1
8.461492,2
46.447186,3
29.558168,3
19.290136,1
11.187794,2
20.287847,1
6.504226,1
6.594856,1
46.827216,1
18.705743,2
21.382691,1
13.926841,1
21.108775,2
11.991923,1
10.167148,1
12.164526,1
57.950133,1
42.306652,1
15.734323,1
8.06804,1
19.301578,1
13.980947,1
46.369456,1
20.635588,1
2.715394,1
34.352031,1
6.559533,1
17.287709,1
6.462952,1
21.34275,1
24.971822,1
12.004553,2
1.696285,1
36.523988,1
2.665938,1
18.883577,1
26.550003,1
4.535131,1
11.882609,1
24.699863,1
11.951007,1
19.812734,1
5.038901,1
9.273262,1
16.637627,1
20.730787,1
19.075935,1
1.864307,1
3.840445,1
13.315339,1
7.495379,1
17.844408,1
32.684173,1
20.404476,1
34.584988,1
1.478581,1
57.267004,1
2.45419,1
23.654508,1
8.801086,1
14.667097,1
9.814651,1
1.687949,1
3.542197,1
6.996659,1
10.525805,1
47.6951,1
36.216365,1
36.131314,1
8.211134,1
8.561749,1
22.053443,1
20.757577,1
3.040323,1
20.682439,1
45.825927,1
2.993038,1
36.517601,1
8.3565,2
38.340217,1
18.145957,1
5.283822,1
16.399552,1
13.02541,1
14.148609,1
1.479728,1
31.485571,1
27.835516,1
8.509344,1
38.016254,1
7.489645,1
23.613105,1
40.259613,1
11.569393,1
4.485143,1
23.186552,1
25.896682,1
4.441577,1
23.130508,1
17.550172,1
29.395153,1
19.694884,1
1.848026,1
18.119048,1
9.819364,1
1.963414,1
16.607218,1
5.11946,1
40.701517,1
2.607721,1
25.234387,1
16.068936,1
3.448581,1
18.147966,1
13.227815,1
8.17492,1
14.857427,1
4.300946,1
33.677279,1
20.822427,1
42.245143,1
5.52983,2
20.607287,3
16.761441,1
14.27849,1
4.799848,1
2.218214,1
3.747826,1
3.515542,1
39.260686,1
15.810868,1
14.495219,1
9.632989,1
2.210968,1
1.257433,1
15.33765,1
2.372313,1
3.662234,1
5.961176,1
5.090198,1
40.384677,1
1.726773,1
33.588501,1
54.64515,1
8.518699,1
12.434622,1
37.845337,1
8.145486,1
8.504536,1
17.679419,1
8.729248,1
7.216714,1
4.81295,1
31.744288,1
35.344191,1
6.400682,1
6.57663,1
10.830411,1
16.496223,1
23.764538,1
17.643197,1
9.480171,1
15.405986,2
28.808206,1
18.808339,1
11.011329,1
45.919008,1
35.462749,2
55.134483,1
7.711364,1
21.100949,1
37.465603,1
3.423309,2
75.620944,1
3.874711,1
18.3261,1
98.180528,1
10.14708,2
28.530317,1
39.746544,2
17.75886,1
13.571887,1
5.132742,1
57.730287,1
6.857771,1
8.69988,1
43.817611,1
25.234448,1
5.745496,1
17.796538,1
7.622005,1
9.337429,1
7.549702,1
11.390018,1
3.0972,1
11.020439,1
11.88148,1
4.949015,1
13.466213,1
2.241948,1
1.857415,1
52.618914,1
5.842695,2
27.982829,1
3.417107,1
32.927312,1
12.569173,1
13.198096,1
13.706366,1
4.471623,1
15.931952,1
3.286126,1
5.643164,1
33.828483,1
17.385123,1
22.391662,1
8.218937,1
12.541093,1
23.491143,1
16.780038,1
16.262969,1
2.537641,1
38.616291,1
17.540031,1
47.432633,1
5.104064,1
5.478684,1
7.116234,1
18.406032,1
3.139643,1
73.55716,1
4.310404,1
8.960082,1
3.561994,1
23.997144,1
30.484536,1
4.837222,1
17.99197,1
18.93015,1
16.427219,1
45.696971,1
2.433659,2
27.456792,1
18.564639,1
5.213494,1
46.283755,1
20.479639,1
51.650449,1
8.787823,1
11.492672,1
2.621997,1
12.822034,1
2.509178,1
8.623751,1
3.076628,1
50.781495,1
12.597454,2
13.085286,1
5.136889,1
25.962186,1
2.244354,1
4.538682,1
3.581808,1
3.507644,1
7.940111,1
9.975449,1
11.755496,1
3.353291,1
20.739061,1
2.433344,1
7.418263,1
27.508386,1
25.978159,1
14.882558,1
12.091775,1
24.909439,1
3.61619,1
2.102324,1
43.465367,1
15.049595,1
14.155867,1
26.399674,1
5.793579,1
18.286965,1
31.447026,2
5.412841,1
2.811118,1
12.266109,1
2.647471,1
53.10086,1
42.021038,1
15.6628,1
3.670069,1
5.6145,1
14.664211,1
12.395388,1
19.592634,1
13.994913,1
7.065417,1
9.692071,1
14.220873,1
8.110973,1
8.372678,1
14.749362,1
9.903396,1
6.171265,1
50.93931,1
14.89578,1
24.954917,1
13.395662,1
1.81145,1
5.769987,1
10.5123,1
4.954043,1
8.351046,1
43.819875,1
24.467539,2
11.953702,1
20.327008,1
3.282259,1
12.686327,1
24.88978,1
18.111149,2
11.683938,1
18.195499,1
7.497773,1
7.472997,1
10.110687,1
3.895129,1
16.117289,1
2.075828,1
9.897596,1
31.572824,1
11.631836,1
11.58545,1
1.436165,1
32.693587,1
1.973165,1
7.916441,1
17.128044,1
28.226094,1
29.702025,1
6.092205,1
4.337875,1
19.552267,1
0.947583,1
19.066108,1
14.706484,1
23.698084,1
8.179031,1
3.671096,1
6.105983,1
22.363375,1
29.910823,1
2.094863,1
6.252402,1
15.060388,1
22.472666,1
6.508555,2
32.652771,1
6.239869,2
8.551232,1
30.388124,1
19.614958,1
5.191551,1
12.147361,1
59.41971,1
5.500245,1
2.842305,1
12.336866,1
2.509793,2
28.123451,1
4.032624,2
66.115294,1
11.454052,1
23.666879,1
34.073291,1
6.675554,2
5.755594,1
5.49007,1
9.912939,1
41.179521,1
0.93712,1
13.236654,1
5.785274,1
2.496476,1
17.485321,1
14.143664,1
9.479419,1
18.412211,1
14.353837,1
55.708419,1
5.313007,1
36.799211,1
0.935434,1
12.266548,1
22.256675,1
4.699248,1
18.030607,1
6.197218,1
22.094044,1
8.933303,1
18.016251,1
6.0946,1
38.273787,1
6.832154,1
0.967065,1
10.807007,1
16.786253,1
2.143222,1
30.129343,1
13.598357,1
1.273382,1
31.995138,1
6.388251,1
7.197007,1
22.161772,1
7.715508,1
30.875267,1
37.604559,1
13.477312,1
2.3289,1
7.131239,1
44.177404,1
5.530436,1
8.140497,1
1.469601,1
4.55062,1
31.926872,1
0.897784,1
9.146906,1
2.376647,1
24.134651,1
2.013295,1
12.885823,1
19.540529,1
13.102759,1
9.547632,1
8.282473,1
35.539418,1
2.652377,1
26.483852,1
1.412016,1
8.539006,1
12.607267,1
13.967282,1
1.084927,1
19.800962,1
0.923209,1
30.630105,1
41.304529,1
3.315608,1
2.45869,1
22.882933,1
19.017583,1
33.871288,1
48.831437,1
6.446545,1
20.868194,1
17.427431,1
21.464959,2
1.030885,1
10.994486,1
7.487691,1
16.808125,1
2.232841,1
11.184506,1
2.745232,1
40.873053,1
8.076899,1
6.294549,1
18.353124,1
9.450074,1
59.242767,1
16.211406,1
15.701793,1
3.456118,1
6.279207,1
17.698458,1
12.055921,1
3.89194,1
9.94332,1
18.338828,1
5.436536,1
22.314731,1
14.766494,1
1.592663,1
1.871787,1
5.310874,1
15.032955,1
13.764115,1
23.499361,2
23.627424,2
11.944159,1
9.423917,1
6.916077,1
13.281391,1
40.026864,1
14.856573,1
8.118594,1
8.859409,1
1.824494,1
9.899964,1
11.127542,1
21.983962,1
7.92442,1
6.728839,1
9.456603,1
46.513862,1
28.006209,1
25.014424,2
30.94134,1
3.917356,2
3.110542,1
19.592848,1
2.67789,1
3.044015,1
4.662768,1
11.250017,1
6.674198,1
5.955396,1
17.178234,1
16.526107,1
1.511888,1
7.911877,1
13.535103,1
2.767504,1
7.697512,1
1.511004,1
13.135779,1
9.139341,1
14.494422,1
7.04643,1
123.477555,1
14.819632,2
5.483254,1
4.752968,1
33.186748,1
11.713861,1
7.584273,1
17.817718,1
21.052799,1
25.322562,1
19.017713,1
8.517081,1
31.576319,1
22.296802,2
24.464386,1
2.32109,1
21.867382,1
14.339856,1
31.683804,1
16.202207,1
19.625749,1
12.306399,1
4.90888,1
58.243179,1
23.206276,1
0.934208,1
12.492082,1
24.66513,1
8.031121,1
5.274745,2
16.338929,1
0.81106,1
4.619635,1
24.249437,1
8.897406,1
12.577629,1
11.461414,1
13.499899,1
16.302691,2
1.317679,1
7.104391,1
30.695553,1
22.520964,1
13.962304,1
13.363721,1
12.193597,1
44.182842,1
16.355841,1
42.215339,1
6.342809,2
3.268404,1
38.510389,1
4.531309,1
17.129316,1
3.356513,1
7.824596,1
17.164162,1
22.498778,1
20.806195,1
19.387533,1
9.569723,1
13.11557,1
2.307547,1
11.814597,1
14.612065,1
5.903726,1
13.460283,1
7.886349,1
11.056153,1
2.230559,1
24.807338,1
0.735039,1
0.763073,1
3.645385,1
18.651931,1
2.077542,1
8.518407,1
14.116006,1
10.697806,1
19.288331,1
9.212725,1
6.652831,1
3.004582,1
9.38767,1
3.098593,1
22.248512,1
6.108165,1
3.624211,1
26.972799,1
55.64038,2
53.442411,1
4.015651,1
20.244088,1
7.290943,1
20.380217,1
23.514051,1
23.032097,2
62.688548,1
2.265222,1
9.144185,1
38.673993,1
16.556259,1
14.520059,1
13.702993,1
3.380778,1
1.326582,1
10.165227,1
5.620482,1
8.79566,1
11.953355,1
11.778226,1
11.443439,1
7.57428,1
9.545325,1
21.295649,1
4.781392,1
14.96874,1
18.224771,1
41.432697,1
18.101795,2
18.232157,1
5.079785,1
27.547893,1
21.629332,1
43.784605,2
1.064279,1
3.020151,1
34.598349,1
29.066425,1
1.577278,1
16.538709,1
13.661585,1
6.69825,1
15.151021,1
2.903312,1
14.078701,1
45.121392,1
18.701317,1
66.053162,1
4.893871,1
4.145115,1
11.877934,1
12.600114,1
44.637555,1
4.360183,1
8.131596,1
12.413651,1
7.536683,1
12.472049,1
8.019325,1
5.021255,1
28.988295,1
6.967794,1
11.337856,1
6.235711,1
23.295142,1
7.405664,1
21.012154,1
1.915069,1
21.783559,1
6.905393,1
25.68852,1
60.762364,1
14.318927,1
22.198824,1
8.849005,1
131.195482,1
41.133727,2
13.097005,2
53.548435,1
3.541556,1
19.416899,1
117.14849,1
41.803311,2
29.940682,2
7.40675,1
25.789976,1
22.405538,1
21.502791,1
6.889164,1
3.007304,1
3.742482,1
38.446976,1
13.338603,2
18.75326,1
11.252273,1
23.455411,1
16.378244,1
6.693492,2
1.556668,1
26.148774,1
31.941828,1
32.529238,2
17.842803,1
1.783219,1
4.022923,1
52.860696,1
12.301329,1
7.424962,1
32.113897,2
22.371023,1
7.478098,1
12.193358,1
4.626173,1
2.508423,1
6.19705,1
4.75551,1
9.950235,1
18.465272,1
5.593647,1
9.277386,1
37.964503,1
31.575026,1
6.654588,1
24.177395,1
4.778373,1
31.982104,1
16.783895,1
6.984755,1
49.022767,1
3.428554,1
2.10703,1
2.517943,1
11.034215,1
13.749806,1
23.870225,1
8.672392,1
10.465699,1
34.331863,1
33.586544,1
7.158144,1
36.178275,1
39.072592,2
4.218842,1
14.036821,1
17.452084,1
30.418759,1
13.902446,1
35.639759,1
14.424089,2
18.222231,1
4.933361,1
42.66506,1
2.2885,1
6.195612,1
19.117182,1
37.218988,1
12.086999,2
25.758487,1
1.972403,1
5.695459,1
4.285819,2
24.034503,1
20.55233,1
4.200058,1
38.75399,1
17.20264,1
8.009569,1
21.07347,1
20.558935,1
8.16221,1
98.795987,1
9.313658,2
8.140129,1
4.950877,1
15.312491,1
11.983634,1
27.981245,1
10.564012,1
13.401778,1
16.718421,1
4.218103,1
18.686168,1
6.236061,1
16.684194,1
7.555158,1
29.471414,1
34.795665,1
22.86877,1
8.755443,1
9.891885,1
37.477823,1
28.778716,1
13.014745,2
19.08088,1
6.39016,1
1.211677,1
2.558424,1
11.336855,1
11.09554,1
8.380061,1
22.236657,1
4.147292,1
10.948406,1
21.42917,1
44.972622,1
11.383039,1
11.969425,1
15.842784,1
9.902558,1
2.175618,1
13.286824,1
6.810893,1
10.607119,1
25.895176,1
9.137929,2
37.559166,1
3.796105,1
30.446702,1
8.998393,2
23.609654,1
9.590745,1
9.576368,1
22.547523,1
6.680541,1
25.06152,1
15.717076,1
7.993196,1
0.665278,1
13.815605,1
20.768651,1
42.342327,1
5.577128,1
8.56245,2
3.70441,1
8.94151,1
17.683452,1
20.11323,1
1.33083,1
0.922023,1
4.094461,1
5.512978,1
10.710712,1
8.649271,1
10.788561,1
9.914275,1
14.70188,1
3.517284,1
5.64577,1
23.038072,1
2.453546,1
5.680716,1
1.006738,1
5.749142,1
8.381373,1
17.41848,1
5.942596,1
27.160632,1
14.224684,1
29.330852,1
14.281858,1
7.660369,1
21.378607,1
12.389021,1
7.419203,1
11.283595,1
27.389535,1
43.320199,1
20.781265,2
2.661624,3
3.522458,1
5.047812,1
3.55127,1
17.202637,1
15.389318,1
15.325795,1
6.265242,1
2.381503,1
19.014134,1
1.99676,1
38.104985,1
2.051842,2
3.934773,1
17.107766,1
4.875712,1
11.364621,1
15.284076,2
0.763507,1
1.837905,1
2.068288,1
15.747125,1
4.727574,1
10.446049,1
11.891491,1
8.568131,1
8.94947,1
16.724111,1
42.713267,1
36.993214,1
58.008462,2
19.680203,1
14.265473,1
0.708718,1
17.792111,1
13.155645,1
4.203579,1
6.493944,1
32.783107,1
26.109442,1
32.816122,1
15.296964,1
10.745025,1
8.695779,1
1.777978,1
13.240386,1
1.33942,1
1.990039,1
15.151838,1
11.297529,2
28.605499,1
16.968178,1
10.871447,1
18.32958,1
7.413898,2
30.575649,1
13.334357,1
26.592211,1
16.592597,1
0.680277,1
1.768626,1
12.066922,1
28.927623,1
0.828698,1
0.633916,1
9.606207,1
8.116372,1
10.911869,1
12.086806,1
8.948204,1
20.653968,1
5.594503,1
9.317848,1
27.055717,1
11.844323,2
15.323513,1
3.232473,1
12.420337,1
8.49539,1
15.186515,1
6.763914,1
4.971121,1
11.308684,1
13.063237,1
7.325218,1
24.224511,1
27.903401,1
0.836733,1
11.847118,1
34.583093,1
9.245207,2
2.787271,1
7.687365,1
6.3331,1
3.48585,1
5.372258,1
29.390683,1
8.88529,1
30.383605,1
5.181248,1
22.099163,1
0.99733,1
12.382825,1
34.791743,1
13.330689,2
2.360392,1
6.055506,1
55.056049,1
1.27374,1
17.937725,1
21.071929,2
1.275425,1
2.42341,1
8.286658,1
6.813337,1
6.553397,1
23.892398,1
9.562198,1
26.872426,1
1.480127,1
22.250417,1
9.087389,1
8.590877,1
0.903853,1
4.860768,1
33.546618,1
20.305335,1
4.956895,1
71.960728,2
10.871821,1
27.218006,2
24.411045,1
18.843813,1
48.824569,1
17.154265,1
20.876303,1
8.303743,1
36.970105,1
8.554428,1
33.542876,1
15.26969,1
7.675983,1
30.845839,1
17.388695,1
41.606596,1
7.171633,2
21.753062,1
11.286247,1
19.051305,1
6.498353,1
17.319822,1
1.495869,1
13.719445,1
47.448917,1
6.35943,1
14.527106,2
3.884503,1
16.827883,1
6.862034,1
36.3331,2
12.750848,1
6.163669,1
10.852283,1
5.571442,1
17.397008,1
18.665187,1
53.226068,1
39.359171,1
48.478705,1
15.580577,2
30.532008,2
11.708285,1
7.241057,1
18.803253,1
9.965203,1
4.901762,1
7.768794,1
6.931756,1
13.605367,1
5.666204,1
9.727483,1
3.086171,1
27.198292,1
5.02447,1
15.710636,1
19.330891,2
22.219335,1
28.368598,1
3.529329,1
15.066599,1
58.222938,1
27.136564,1
2.070659,1
3.017406,1
35.36027,1
1.101684,1
8.0037,1
5.877215,1
10.243729,2
1.343662,1
26.000096,1
4.164445,1
1.523293,2
13.475736,1
16.044449,1
12.732721,1
59.166001,1
6.743196,1
25.430436,1
9.959689,1
12.553504,1
38.067333,1
3.776349,1
34.836986,1
15.878848,1
21.840351,1
31.660188,1
24.275141,1
10.595303,1
9.725676,1
5.212095,2
33.259039,1
3.86309,1
25.351961,1
43.945146,1
17.635264,1
17.357331,1
20.601726,1
3.241883,1
20.054712,1
6.794357,1
28.025957,1
7.014844,1
18.659868,1
1.763034,1
27.554443,1
16.968905,1
55.068526,1
48.282943,2
3.100347,1
0.768324,1
3.137562,1
2.029275,1
1.317145,1
28.766275,1
4.07465,1
7.538582,1
4.403666,1
17.326494,1
13.992606,1
12.687284,1
12.79414,1
10.726743,1
30.861203,1
19.271464,1
19.065066,1
0.788202,1
21.322088,1
31.5562,1
20.268401,1
7.587158,1
9.36712,1
1.510117,1
3.32054,1
12.287131,1
23.602016,1
1.814541,1
6.570551,1
9.548896,1
19.967646,1
51.734796,2
11.308242,1
35.279395,1
22.759767,1
10.61426,1
7.191687,1
41.685686,1
0.672893,1
14.48661,1
43.649549,1
27.475432,1
11.707405,1
1.676254,1
1.785983,1
47.454428,1
3.12155,1
7.257851,1
14.382199,1
11.830087,1
29.302922,1
4.256724,1
20.522754,1
1.611631,2
2.299183,1
33.338126,1
2.015242,1
6.351877,1
14.33044,1
2.687855,1
1.619774,1
12.732567,1
4.137219,1
1.253106,1
1.641144,1
14.618866,1
11.382991,1
0.55811,1
6.148653,1
30.319658,1
9.946159,1
21.435551,1
6.748459,1
30.596909,1
49.657398,1
0.888131,1
13.051286,1
5.611752,1
9.732752,1
3.77992,1
2.51489,1
5.694546,1
16.698624,1
10.794245,1
19.292134,1
1.010385,2
16.686731,1
15.70168,1
9.23144,1
9.936722,1
24.295087,1
33.224704,1
4.597358,1
22.04178,1
11.731255,1
28.983793,1
27.920388,1
18.450166,1
11.247817,1
13.745214,1
3.401094,1
0.587606,1
3.113488,1
39.251493,1
20.264282,1
3.668983,1
10.003484,1
7.307047,1
35.99434,1
2.364298,1
27.009904,1
31.875068,1
1.891067,1
1.317618,1
19.675247,1
3.990383,1
1.557851,1
27.417255,1
16.612039,2
23.686504,1
8.886311,1
19.138647,1
31.446784,1
41.700329,1
2.711076,1
15.093828,1
24.898894,1
4.789037,1
40.522043,1
22.955923,1
4.728226,1
12.64825,1
5.579772,1
1.477856,1
9.108023,1
0.906151,1
15.94961,1
7.606401,1
1.431218,1
7.640715,1
5.067881,1
2.441486,1
3.755691,1
7.795577,1
7.743646,1
3.899571,1
6.146837,1
11.949723,1
37.891652,1
8.003331,1
19.792764,1
7.661967,1
9.558748,1
5.582283,1
21.884977,1
4.298814,1
27.690961,1
1.347108,1
31.721358,1
56.04957,2
12.752062,2
4.260703,1
3.47479,1
19.754554,1
13.428076,1
11.791797,1
3.369588,1
71.233104,1
7.185968,1
25.269775,1
5.179466,1
6.518519,2
1.977841,1
1.684396,1
43.586526,1
23.141252,1
1.230375,1
14.513887,1
1.063534,1
10.377751,1
49.776957,1
13.007087,2
8.644987,1
4.498925,1
14.091489,1
22.79175,1
14.555781,1
21.235012,1
22.28175,1
10.275235,1
2.10818,2
24.156483,1
2.747793,1
4.309492,1
14.065833,1
16.352164,1
7.432013,1
16.973989,1
14.392707,1
11.591956,1
10.140283,1
53.561006,1
18.076465,1
6.032403,1
4.569775,1
3.352981,1
2.39611,1
10.575279,1
17.656121,1
28.793323,1
36.131574,1
6.255972,1
3.605992,1
2.929519,1
3.780546,1
27.754332,1
19.330485,1
2.931443,1
30.702237,1
16.98939,2
20.574888,1
6.899098,1
6.260366,1
13.343486,1
1.616988,1
1.660396,1
25.923818,1
4.382815,1
7.538822,1
5.549611,1
11.871167,1
21.387932,1
0.912488,1
2.936849,1
9.476437,1
5.044028,1
0.951643,1
21.226082,1
8.948253,1
13.698773,1
1.069909,1
13.603986,1
15.778342,1
4.597712,1
1.318916,1
1.299642,1
24.059055,1
23.474001,1
6.852165,1
16.415427,1
16.148853,1
8.502902,1
3.035521,1
25.337399,1
14.862467,1
0.806283,1
4.38582,1
18.426971,1
11.537897,1
8.728501,1
41.749948,1
10.233775,1
19.965881,1
9.281512,1
17.756146,1
2.333085,1
11.452945,1
10.686674,1
12.304148,1
2.957014,1
30.956109,1
10.95711,2
32.340312,1
4.105388,1
1.955138,1
5.076598,1
50.908646,1
17.092618,2
18.499099,1
12.604451,1
11.001047,1
1.15135,1
4.716057,1
4.960956,1
8.93341,1
28.279422,1
4.20057,1
5.147547,1
1.584273,1
9.537713,1
7.586392,1
7.424194,2
17.792757,1
22.658619,1
13.843516,1
4.660325,1
12.022931,1
26.950018,1
9.683752,1
3.278918,1
5.01075,1
16.533139,1
7.618489,1
28.881035,1
2.841071,1
22.442682,1
27.918032,1
9.788636,1
34.799139,1
20.292239,2
48.40152,1
2.223712,1
2.188009,1
45.379927,2
44.902106,1
50.259469,1
21.387842,1
7.971123,1
4.77939,1
46.678843,1
23.846199,1
2.620846,1
44.901248,1
17.806015,2
2.989574,1
3.823132,1
1.863875,1
5.716332,1
9.470443,1
9.626515,1
7.212591,1
3.81437,1
25.558708,1
5.03035,1
28.693916,1
15.526918,1
10.264847,1
2.512796,1
21.785015,1
6.765628,2
4.778248,1
1.77962,1
5.115499,1
11.573863,1
14.1363,1
3.791089,1
4.018137,1
33.40421,1
1.256709,1
34.793934,1
1.845768,1
13.068285,1
49.034271,1
4.350617,1
29.800485,1
42.947206,1
28.09032,1
4.691541,1
31.609763,1
5.577135,1
5.016593,1
46.502864,1
1.032909,1
7.464808,1
3.498523,1
33.390507,1
7.230369,1
16.729799,1
20.928966,1
6.628772,1
15.934445,1
12.214096,1
69.664333,1
35.418409,1
1.752217,1
39.663141,1
3.337603,1
10.203823,1
25.504475,1
2.963948,2
2.478475,1
2.987869,1
0.76149,1
25.87961,1
2.967357,2
12.135419,1
2.305613,1
12.581737,1
14.935879,1
3.589513,1
22.781672,1
10.707835,1
12.83102,1
7.615125,1
9.692486,1
18.806862,1
35.446398,1
11.771544,1
14.383635,1
2.070584,1
4.505537,1
6.863388,1
1.367288,1
20.117954,1
3.260373,1
6.191539,1
9.194083,1
22.712874,1
3.816926,1
39.399491,1
14.138094,1
51.816646,1
4.130359,1
53.086633,1
28.136467,2
11.102508,1
38.413984,1
34.093045,1
20.594322,1
20.602163,1
1.661552,1
17.66767,1
7.924908,1
2.657298,1
22.392941,1
1.148777,2
10.537553,1
1.516019,1
24.996334,1
4.410383,1
16.954626,1
4.287822,1
7.875509,1
30.136294,1
62.916392,1
23.883262,1
8.405467,1
12.983351,1
12.144914,1
4.486103,1
33.072201,1
36.084803,1
3.531491,1
23.924486,1
15.255903,1
0.761455,1
19.165865,1
11.839636,1
3.337964,1
4.086455,1
20.608622,1
34.454235,1
7.323443,1
12.82302,1
69.388489,1
30.851987,1
8.397767,1
4.404579,1
22.294722,1
47.994758,2
24.306403,1
11.364118,1
0.921829,1
2.22514,1
7.58665,1
13.260017,1
44.289669,1
4.953871,1
36.213622,1
24.83522,1
27.269531,2
32.725706,1
4.960536,1
28.429238,1
1.10568,1
30.314776,1
22.291373,1
18.679588,1
3.484812,1
2.027856,1
11.016043,1
19.051709,1
3.137903,1
2.416659,1
5.276404,1
33.246096,1
25.669791,1
25.073448,1
18.218687,1
0.75924,1
55.968441,1
22.647878,2
15.127534,1
1.587604,2
16.060842,1
7.671435,1
9.465887,1
9.233443,1
2.663323,1
39.251777,1
14.02784,2
14.111803,2
7.242584,1
23.296053,1
1.353881,1
4.003788,1
32.119125,1
18.402965,1
5.747088,1
6.654933,1
22.49977,1
5.591285,1
1.581892,1
13.243551,1
9.197344,1
41.307598,1
10.081133,1
6.064179,1
6.616157,1
3.888068,1
6.049469,1
6.585427,1
5.047558,1
0.706849,1
51.305099,1
11.230132,1
16.953688,1
4.07418,1
31.257962,1
11.949107,1
41.752015,1
37.138829,2
10.60001,1
5.535997,1
4.716438,1
11.709432,1
1.748432,1
19.740847,1
3.638594,1
10.208418,1
13.80109,1
37.85609,1
17.294501,1
25.663227,1
10.372953,1
14.728173,1
3.712717,1
10.758141,1
32.68618,1
11.397896,1
41.687293,1
29.612398,2
10.126956,1
6.984384,1
30.127125,1
55.964008,2
5.623109,2
14.66163,1
39.401472,1
2.464272,1
58.639882,1
14.18004,1
25.611723,1
16.852424,1
4.811335,1
8.697416,1
6.875534,1
22.173801,1
6.220598,1
32.561406,1
115.5947,2
24.501689,2
11.095684,1
11.664425,1
9.428355,1
1.525219,1
2.907022,1
7.111129,2
32.752731,1
19.894805,1
25.290444,1
3.881269,2
58.419311,1
20.229565,2
5.143465,1
0.981024,1
2.011901,1
13.94169,1
60.994673,1
11.514172,1
1.872744,1
2.201236,1
13.293548,1
22.314202,1
2.987471,1
10.757692,1
14.285052,1
51.444651,1
39.253605,2
53.910856,2
6.632276,1
15.145763,1
1.695201,1
19.685575,1
6.295381,1
18.640957,1
4.963668,1
5.155108,1
16.470918,1
6.746916,1
3.842482,1
47.233843,1
14.131024,1
1.070107,1
24.060746,1
19.21449,1
2.789982,1
0.629319,1
18.953178,1
12.048382,1
10.312276,1
16.041955,1
20.282557,1
1.698138,2
11.068163,1
8.983612,1
16.082501,1
3.903209,1
52.104463,1
25.092736,2
9.412348,1
3.854583,1
33.666049,1
5.737496,1
1.829016,1
35.048272,1
32.579677,1
5.782283,1
1.829584,1
2.870321,1
14.772619,1
12.846528,1
3.723429,1
18.997264,1
1.967721,1
46.947079,1
3.465701,1
20.665765,1
23.218257,1
18.038126,1
1.802799,1
14.774617,1
10.041058,1
5.965814,1
66.630621,1
10.63551,1
14.225355,1
3.121212,1
18.8051,1
0.623301,1
10.49018,1
2.465967,1
8.400233,1
13.126881,1
2.302425,1
33.106442,1
6.253073,2
3.140028,1
3.663947,1
7.559247,1
6.331361,1
13.630926,1
14.129734,1
8.610561,2
1.968887,1
19.117387,1
2.750256,1
26.753786,1
0.637392,1
2.015029,1
8.93439,1
12.032522,1
1.311861,1
10.513985,1
15.61455,1
36.001047,1
4.711147,2
3.691432,1
20.63634,1
12.541292,1
5.95953,1
21.419272,1
2.797519,1
2.131706,1
0.738786,1
10.775736,1
6.983727,1
12.265381,1
9.139956,1
2.872383,1
58.437426,1
13.828439,2
9.092073,1
18.231675,1
7.49437,1
10.282503,1
2.221048,1
20.620259,1
6.293287,1
3.166249,1
5.155445,1
0.762076,1
16.109101,1
20.225779,1
25.466548,1
20.886707,1
5.619533,1
11.76025,1
20.033248,1
12.986332,1
4.324455,1
9.153468,1
42.228622,1
6.206458,2
34.595173,1
29.434974,1
5.664932,1
10.449311,1
27.38219,1
4.709803,2
10.485324,1
8.378331,1
24.328396,1
13.163219,1
3.612845,1
4.440114,1
8.834957,1
2.635997,1
13.310504,1
15.445994,1
1.402014,1
4.257439,1
1.802186,1
11.742008,1
60.896727,1
77.903174,1
4.129963,2
16.702843,1
18.497269,1
27.219036,1
8.521273,1
1.142663,2
8.871201,1
3.846414,1
33.422826,1
2.913832,1
16.116862,1
16.089112,1
2.115628,1
1.416527,1
6.531027,1
14.909476,1
7.45506,1
12.854446,1
2.562818,1
19.706118,1
34.494142,1
5.480793,1
19.542394,1
26.295689,1
7.239167,1
2.489667,1
23.347465,1
6.688408,1
3.726586,1
9.814762,1
17.862066,1
18.133043,1
0.811014,1
34.18867,1
4.689857,1
4.174965,1
2.691972,1
11.829988,1
14.534235,1
10.873701,1
20.746374,1
10.739333,1
12.411862,1
5.030956,1
19.282562,1
54.514775,2
30.710158,1
13.34321,2
5.522744,1
22.608702,1
31.156298,1
4.619981,1
3.36754,1
13.948358,1
15.478393,1
20.761355,2
9.671913,1
26.163762,1
12.554312,1
9.555339,1
15.226623,1
29.917804,1
5.184264,1
2.889137,1
24.845904,1
40.899796,1
1.487043,1
18.371787,1
3.495417,1
12.449277,1
2.087758,1
3.442607,1
2.953541,1
5.448897,1
35.10981,1
22.138534,1
16.788408,1
18.865764,1
6.023897,1
7.055925,1
14.080362,1
12.759259,1
3.282729,1
6.330697,1
15.529244,1
4.211038,1
4.977637,1
8.89017,1
34.621675,1
2.481901,1
21.897377,1
51.354833,1
14.4669,1
12.00989,1
13.601182,1
5.207138,1
23.537912,1
23.943326,1
32.089787,1
39.030992,1
10.964777,1
2.965505,2
14.229005,1
7.683461,1
23.490448,1
14.651881,2
1.787069,1
8.127341,1
16.500079,1
2.012833,1
7.410735,1
9.269428,1
36.420472,1
18.80143,1
1.533109,1
17.70895,2
1.905746,1
5.582922,1
26.332251,1
7.353263,1
34.487504,1
2.675235,1
3.912821,1
23.32763,1
19.521627,1
28.913719,1
4.197345,1
5.75664,1
1.097781,1
1.670772,1
2.627669,1
16.774848,1
27.830963,1
9.742309,1
28.99495,1
56.900137,1
20.310338,2
14.41631,1
14.322795,1
22.712882,1
52.202664,1
6.029665,1
12.809655,1
10.871241,1
8.112457,1
11.824076,1
3.744588,1
7.511579,1
27.984129,1
11.262931,1
12.312014,1
36.095324,1
4.180115,1
12.376904,1
6.106148,1
14.031631,1
5.98935,1
30.471253,1
12.077159,1
3.085279,1
40.142644,1
9.546725,1
4.606127,1
16.602164,1
4.756983,1
4.847604,1
10.872582,1
5.18229,1
29.019494,1
1.91186,1
14.999566,1
7.173666,1
50.431849,1
2.342047,1
0.80266,1
14.578773,1
6.477029,1
14.055086,1
22.443784,1
57.607532,2
7.134017,1
43.983877,1
11.31034,1
56.689413,1
21.240644,1
16.860468,2
20.035856,1
10.472367,1
2.75385,1
15.24445,1
12.680181,1
11.486238,1
31.14525,1
2.54477,2
4.913198,1
23.086976,1
21.972894,1
27.266813,1
3.218483,1
22.934322,1
14.408203,2
30.029917,1
10.830797,2
156.828495,1
28.120227,2
22.284246,3
19.832156,1
19.826125,1
40.666487,1
6.302156,1
11.442185,1
5.420507,1
1.121107,1
58.310365,1
59.144273,2
3.482625,2
12.404534,1
19.240077,1
1.578241,1
19.544565,1
7.235249,1
21.069711,1
5.825537,1
10.601412,1
4.016261,1
23.253372,1
15.964454,1
8.279332,2
9.720878,1
5.102474,1
28.952627,1
12.215757,1
1.811332,1
4.100985,1
13.089603,1
3.500152,1
15.157473,1
2.792067,1
32.385879,1
7.638254,1
10.646031,1
3.910906,1
19.757198,1
3.168896,1
7.384968,1
15.21145,1
33.172148,1
13.472388,1
23.466175,1
7.11571,1
29.270425,1
28.105357,1
15.046615,1
4.90099,1
7.115957,1
11.751814,1
8.727829,1
18.461863,1
9.258572,1
0.706876,1
13.699634,1
14.482711,1
13.957053,1
10.698293,1
3.785593,1
8.275191,1
4.323504,1
28.959219,1
19.096467,1
38.178587,1
17.555581,1
17.069745,2
13.120994,1
23.580642,1
5.020831,1
32.058403,1
6.031209,1
106.136184,1
12.24468,1
5.126471,1
5.536403,1
13.774859,1
53.366996,1
53.272708,2
12.236671,1
16.167343,1
17.920554,1
9.830517,1
13.574613,2
1.668641,1
11.223787,1
2.787689,1
2.879915,1
21.134715,1
4.677185,1
26.38487,1
5.036917,1
22.245875,1
6.998546,1
2.35263,1
2.22837,1
13.992026,1
2.667984,1
10.755154,1
17.456398,1
6.858586,1
2.503666,1
29.004372,1
21.851179,1
4.115532,1
16.408526,1
2.148349,1
94.595091,1
9.521213,1
0.857816,1
5.476865,1
4.258159,1
5.165967,1
18.36386,1
26.055843,1
2.029123,1
14.767403,1
3.674218,1
6.678368,1
11.017934,1
2.542913,1
16.652956,1
12.550583,1
18.287831,1
23.423327,1
66.261383,2
24.02396,1
8.080482,1
9.143978,1
6.69356,1
56.966443,1
1.636612,1
5.997704,1
3.418781,2
11.03346,1
14.587068,1
53.304529,1
11.729185,1
5.854001,1
2.138852,1
56.203924,1
3.390032,1
63.848229,1
8.430614,2
23.91395,1
11.383235,1
11.893355,1
13.89969,1
10.680186,1
1.899498,1
21.237621,1
10.989875,1
54.911104,1
1.306874,2
59.409099,1
2.148197,1
12.126258,1
4.470085,1
8.789044,1
16.349453,1
22.758021,1
27.498265,1
4.625622,1
22.969036,1
6.037677,1
2.140506,1
22.413902,1
16.906375,1
14.975319,1
17.144628,1
12.027444,1
34.960608,1
2.088763,1
3.658533,1
5.591796,1
10.400003,1
3.544009,1
12.571498,1
18.145088,1
7.435224,2
9.151812,1
5.745828,1
15.46734,1
12.813497,1
17.503613,1
13.128397,1
11.929383,1
8.965418,1
7.477855,1
5.970757,1
9.10988,1
30.805651,1
38.694384,2
7.608843,1
6.543926,1
54.971118,1
7.443731,1
11.161676,1
37.762362,1
2.172015,1
30.61092,1
8.523646,1
12.465862,1
7.803981,1
19.197881,1
16.621479,1
16.387772,1
32.026034,1
16.040105,1
6.276128,1
10.612568,2
12.184655,1
19.22197,1
5.022877,1
4.170208,1
4.419352,1
8.258943,1
4.32537,1
3.448541,1
13.143275,1
25.018567,1
1.388227,1
12.143176,1
8.724637,1
7.392648,1
21.587015,1
8.968852,1
11.994325,1
7.826506,1
13.959977,1
10.160051,1
0.955032,1
88.855344,1
41.558133,1
32.247263,1
22.23815,1
23.567857,2
14.039981,1
10.908233,1
27.575043,1
1.489343,1
10.57689,1
1.265987,1
9.31879,1
14.209315,1
4.742241,1
30.503756,1
33.887027,1
78.688893,1
58.304918,1
11.895731,2
1.053892,1
20.460094,1
13.461545,1
11.181925,1
28.406541,1
4.602351,1
3.378001,1
8.090112,1
27.34803,1
46.170806,1
16.685496,1
10.453014,1
6.963852,1
21.801767,1
13.838114,1
42.031731,1
8.564508,1
11.825156,1
2.771065,1
36.942855,1
4.710501,1
10.145217,1
3.310463,1
8.993265,1
26.734564,1
7.283447,1
5.902746,1
10.31453,1
21.796279,1
3.564346,1
2.645664,1
32.819641,1
1.310063,1
34.726628,1
2.012395,1
1.183394,1
38.433997,1
55.270268,1
2.455266,1
9.13015,1
28.831426,1
5.069787,1
4.257732,1
1.612159,1
28.978943,1
15.326227,1
4.321807,1
4.926208,1
41.69993,1
75.146092,1
14.460415,1
21.532322,1
25.036866,1
74.334599,1
10.906704,2
32.825256,1
9.552465,1
25.146561,1
25.966036,1
1.146116,1
1.716706,1
28.385222,1
28.934656,1
15.973522,2
23.307354,1
6.908105,1
1.918936,1
45.040342,1
41.930687,2
7.65034,1
1.464676,1
1.296621,1
10.191715,1
6.574002,1
2.001364,1
2.058092,1
14.651647,1
7.18917,1
2.703522,1
64.303588,1
16.426639,1
35.519942,1
23.013687,1
43.839382,1
12.036816,1
29.474609,1
9.153783,1
22.455966,1
4.917018,1
13.864666,1
20.52828,1
13.252977,1
13.338746,1
24.149593,1
4.177118,1
38.957841,1
24.187019,1
17.380871,1
20.364045,1
17.993879,1
4.833243,1
7.956865,1
16.781526,2
5.367752,1
1.773369,1
11.169462,1
40.496611,1
4.495085,1
11.900409,1
18.943498,1
31.275644,1
26.03095,2
2.566866,1
16.00326,1
8.548797,1
1.496649,1
6.335828,1
19.219061,1
23.619719,1
40.281608,1
38.60971,1
18.833597,1
2.142928,1
4.36745,1
5.990677,1
10.889433,1
2.983201,1
16.837287,1
33.177891,1
43.465418,2
13.719561,1
37.014224,1
83.12108,1
1.778852,1
1.97343,1
3.339131,1
5.976198,1
5.462857,1
53.986393,1
3.911711,1
4.072519,1
11.262279,1
15.62611,1
28.698994,1
2.159132,1
13.581398,1
0.655344,1
2.913182,1
30.276277,1
4.787743,1
13.217333,1
6.436217,1
2.801737,1
12.228049,1
66.076024,1
16.237919,1
10.034305,1
8.888323,1
36.580204,1
11.680008,1
1.467084,1
4.360613,1
7.413492,1
11.66088,1
5.915692,1
10.337663,1
1.621613,1
12.332223,1
4.54642,1
2.701839,1
35.013023,1
5.08281,1
1.661195,1
33.534654,1
15.721698,1
46.300558,1
15.302854,1
15.440788,1
29.989831,1
18.429291,1
39.887279,1
0.711076,1
11.227458,1
25.691941,1
9.749634,1
25.861507,1
15.831847,1
16.171046,1
23.164871,1
5.502367,1
17.234748,1
10.090824,1
20.99711,1
4.352469,1
4.314236,1
23.118648,1
7.43126,1
7.662126,1
28.154178,1
30.860669,1
13.756506,1
29.565273,1
3.61402,2
41.286345,1
18.158782,1
24.86052,1
41.21751,1
6.50149,1
16.791391,1
1.567767,2
5.866322,1
2.715828,1
16.120132,1
9.855477,1
32.005808,1
6.224598,1
36.406517,1
1.001518,1
7.560126,1
49.456862,1
28.549314,1
18.229735,1
7.321009,1
6.060823,1
8.536961,1
3.282254,1
1.519256,1
24.255298,1
3.101672,1
67.133026,1
10.110642,1
12.95493,1
8.136317,1
1.691648,1
4.293633,1
1.980382,1
8.801694,1
23.699799,1
8.495345,1
3.621994,1
19.539216,1
7.986522,1
4.462558,1
3.580781,1
4.391988,1
7.298581,1
13.130451,1
2.089877,1
18.595205,1
0.758217,1
28.772631,1
14.079755,1
43.66176,1
2.857966,1
25.568059,2
19.562473,1
4.549664,1
2.957647,1
4.670143,1
3.907897,1
2.924086,1
49.957873,1
19.2267,1
8.709936,1
21.34259,1
27.468104,1
15.647311,1
1.61436,1
4.080016,1
0.775492,1
41.264814,1
31.338684,1
13.477876,1
0.821779,1
36.654829,1
26.61194,1
32.884179,1
14.186954,2
6.616964,1
8.313087,1
2.046784,1
32.720861,1
10.742391,1
46.040069,1
66.630556,2
0.770797,1
3.097694,1
6.591096,1
2.257492,1
6.906324,1
9.323733,1
1.994389,1
6.224405,1
26.005973,1
10.832708,1
6.600715,1
33.812213,1
22.995099,1
18.016151,1
5.884095,1
18.818961,1
12.705294,1
0.688436,1
3.535754,1
20.146384,1
8.598908,1
59.735869,1
6.403664,1
65.296696,1
8.403982,2
8.885887,1
5.629458,1
17.029959,1
1.390591,1
12.526973,1
16.330449,1
21.737552,1
2.359305,1
7.583417,1
3.726448,1
47.557549,1
23.326305,1
23.62661,1
3.027356,2
11.217856,1
0.910566,1
12.651713,1
5.401329,1
13.890769,1
4.404412,1
21.232385,1
0.783115,1
18.145785,1
17.522677,1
7.175718,2
20.337107,1
11.666022,1
2.8799,1
20.17574,1
10.458038,1
10.366327,1
24.896209,1
8.068792,1
23.865824,2
19.735494,1
15.681666,1
13.253216,1
4.606555,1
6.870503,2
3.805561,1
4.070486,1
3.005127,1
4.671426,1
5.468632,1
7.305904,1
4.97816,1
41.620678,1
3.178207,1
8.295998,1
12.627557,1
15.133665,1
19.540641,1
17.892345,1
4.149686,1
13.289967,1
2.967547,1
89.022714,1
38.262513,2
15.52734,1
22.813921,1
14.99683,1
5.897773,1
11.793044,1
11.535707,1
28.293968,1
33.383179,1
69.423797,1
1.563958,1
41.577093,1
10.666862,1
49.42466,1
36.557165,1
5.726617,2
7.14809,1
15.532747,1
13.411835,1
19.020378,1
41.556302,1
55.432505,1
9.079819,1
11.06004,1
3.865561,1
17.092577,1
24.718201,1
14.917525,1
43.21612,2
5.650788,1
15.688269,1
11.401166,1
28.295195,2
1.09015,1
6.580371,1
85.353429,1
17.583841,1
10.053529,1
5.640886,1
10.523437,1
33.823676,1
14.328881,1
40.479061,2
20.367497,1
16.563611,1
26.243757,1
48.554016,1
10.833885,2
26.568968,1
2.572089,1
21.697849,1
26.723526,1
12.030903,1
4.226068,1
6.229944,1
16.06305,1
20.281602,1
6.589073,1
37.129052,1
29.193885,2
27.721959,1
8.328591,1
7.740734,1
9.497377,1
15.58966,1
1.128028,1
17.019006,1
6.212758,1
14.462982,1
42.063491,1
6.252227,1
18.62438,1
9.130534,1
4.832665,1
2.724154,1
23.96718,1
2.691681,1
8.826004,1
9.866481,1
13.329274,1
2.165873,1
4.644892,1
52.919183,2
5.949109,1
4.611344,1
18.124776,1
11.684976,2
19.601213,1
3.22212,1
10.284288,1
18.712215,1
1.487523,1
23.320992,1
10.186239,1
11.946736,1
2.795877,1
45.195038,1
20.562467,1
8.783013,1
2.897823,1
7.59314,1
6.791435,1
7.520415,1
5.15951,1
2.29129,1
14.565358,1
3.361087,1
1.597974,1
6.646273,1
0.90096,1
19.353013,1
11.523985,2
38.997613,1
11.855293,1
6.122454,1
16.54464,1
13.063673,1
12.13737,1
4.801507,1
13.268394,1
2.859439,1
27.978077,1
9.974593,1
30.928045,1
61.772995,1
20.060103,2
60.578504,1
17.340585,1
25.810594,1
14.915217,1
46.582574,1
32.788561,1
3.315989,2
9.140845,1
3.104073,1
20.639457,1
11.747912,1
3.003854,1
24.994026,1
3.242648,1
23.206941,1
6.838282,1
6.342788,1
11.49231,1
2.361722,1
7.459352,1
57.695424,1
2.034476,1
2.085581,1
17.458509,1
11.961077,1
4.061356,1
10.791141,1
24.15611,1
32.826147,1
8.378211,2
4.103783,1
9.83308,1
7.544247,1
2.978193,1
14.274956,1
9.231052,1
16.392565,1
10.765872,1
36.386949,1
6.165344,1
23.89254,1
2.803144,1
1.965338,1
39.434504,1
38.851084,1
5.054192,1
14.137302,1
13.238389,1
1.129267,1
7.260585,1
17.309222,1
44.958794,1
22.090493,1
5.831456,1
7.607566,1
34.93408,1
1.802863,1
5.432547,1
32.949426,1
9.306483,1
1.464923,1
7.234856,1
4.85608,1
1.310532,1
6.603293,1
2.018801,1
6.326864,1
7.539114,1
13.964871,1
9.680921,1
6.130047,1
12.493659,1
21.096922,1
7.680838,1
23.754475,1
38.056048,1
15.397709,1
2.800306,1
67.863376,1
13.545085,1
8.069048,1
13.606788,1
4.13438,1
11.719672,1
16.488478,1
16.669588,1
1.31429,1
3.281404,1
2.433863,1
13.116108,1
28.040402,1
42.859715,1
18.354774,2
3.371103,1
19.288345,1
8.242147,1
0.952109,1
6.961366,1
3.455717,1
7.805426,1
4.09036,1
2.785615,1
2.639702,1
14.33278,1
27.827327,1
0.694817,1
4.10442,1
7.787423,1
13.724081,1
11.3862,1
4.252246,1
8.206324,1
3.785852,1
5.952035,1
20.944695,1
39.919254,1
23.6905,1
15.37376,1
9.084445,1
2.132879,1
16.059717,1
5.063603,1
38.971615,1
2.436292,2
14.012376,1
11.286216,1
0.978067,1
83.469215,1
40.22115,2
41.102395,1
6.635171,1
30.451687,1
7.821346,1
4.651523,1
25.176823,1
10.845325,1
15.13552,1
9.270639,1
72.905864,1
12.852964,1
17.040019,1
16.744845,1
16.311112,1
41.603956,1
5.940983,1
2.913875,1
7.085271,1
7.144225,1
15.616889,1
7.893529,1
1.657482,1
26.869992,1
33.630362,1
23.521192,1
4.693867,1
1.665738,1
7.908375,1
45.217053,1
16.201103,1
18.428009,1
24.51885,1
7.714479,1
43.463079,1
13.890442,1
21.49881,1
15.527183,1
5.609047,1
19.125084,1
36.633396,1
1.961177,1
8.139477,1
17.030496,1
24.777793,1
4.204619,2
4.299405,1
60.765578,1
19.412251,2
4.719058,1
13.187845,1
6.206324,1
45.335528,1
19.846759,1
19.219837,1
0.792018,1
0.703,1
9.256886,1
2.190863,1
16.67464,1
13.18352,1
52.268658,1
14.353012,1
22.889601,1
60.91351,2
1.956224,1
9.659061,1
13.758211,1
5.474922,1
7.078089,1
44.394726,1
8.033556,1
17.326844,1
0.754301,2
1.707494,1
1.407511,1
1.407912,1
5.683746,1
55.679078,1
8.624063,1
0.618776,1
11.229502,1
16.086161,1
44.44694,1
19.139688,1
4.357981,1
13.273874,1
2.238272,1
0.883635,1
1.205903,1
2.09522,1
8.900494,1
16.589567,1
2.973491,1
4.311412,1
6.190393,1
38.522496,1
6.35249,2
1.899594,1
45.33957,1
48.845795,1
29.894797,1
4.203501,1
19.068754,1
1.876732,2
20.467423,1
5.42451,1
17.489735,1
1.289417,1
22.890383,1
1.14346,1
17.245632,1
37.167992,1
8.350781,1
4.804038,1
11.632486,1
11.574162,1
15.831562,1
17.835017,1
42.674167,1
0.885071,1
20.787077,1
3.473901,1
7.507338,1
21.367711,1
13.768401,1
2.534392,1
24.962412,1
36.047078,1
25.975144,1
17.904992,1
2.49593,1
0.595507,1
14.1402,1
11.539066,1
13.348652,1
20.511501,1
4.160984,1
2.190054,1
22.036264,1
11.393628,1
49.674621,1
15.326456,1
11.147146,1
5.837084,1
4.399465,1
7.215614,1
3.138693,1
6.176485,1
11.726956,1
13.995583,1
10.204623,1
17.00156,1
8.476519,1
5.125989,1
16.642381,1
4.611471,1
19.031243,1
18.332174,1
71.664743,1
2.528842,2
11.096837,1
19.004885,1
34.647761,1
1.409198,1
20.683832,1
0.777698,1
11.532593,1
9.181764,1
4.398,1
3.266278,1
22.399392,1
3.564716,1
8.454247,1
11.845679,1
40.228118,1
4.176472,1
8.124029,1
10.749979,1
29.25927,1
10.073199,1
3.409886,1
7.004507,1
27.792185,1
25.904694,1
32.013325,1
29.40476,1
28.389804,1
13.725154,1
3.358444,1
18.074912,1
60.526163,2
28.61014,1
14.200786,1
11.198374,1
13.134641,1
17.2686,1
4.491167,1
29.011726,1
30.236825,1
43.705873,1
28.681197,1
7.720515,1
14.074425,1
31.702933,1
26.469895,1
16.661005,1
10.374334,1
6.850276,1
3.604252,1
62.805477,1
23.634855,2
1.025363,1
22.4305,1
16.036596,1
17.283857,1
12.914089,1
21.206512,1
1.826705,1
1.739686,1
2.330981,1
1.157304,1
16.637591,1
13.978446,1
2.16543,1
11.501938,1
32.672674,1
5.291913,1
7.776244,2
1.213409,1
27.66681,1
3.383359,1
55.294505,1
8.660874,2
2.343098,1
0.745193,1
41.279597,1
24.509281,1
53.665709,1
16.727417,1
16.590243,1
9.055257,1
23.64116,1
22.080516,1
12.513055,1
19.213647,1
5.785167,1
14.517384,1
7.303639,1
4.889195,1
28.007431,1
16.138986,1
29.407259,1
6.187065,1
6.20699,1
42.729533,1
4.378567,1
30.045552,1
29.369458,1
17.475355,1
2.601774,1
19.734298,1
30.527101,1
28.961015,1
14.337658,1
8.173211,1
9.451792,1
13.470451,1
16.110817,1
45.6062,1
14.034305,1
16.603931,1
4.383241,1
23.656512,1
5.088178,1
68.030663,1
5.409838,2
9.480692,1
30.11228,2
1.711841,1
12.174326,1
8.73293,1
7.145165,1
39.194459,1
17.255317,1
14.676333,1
14.277786,1
13.503486,1
2.239434,1
16.430459,1
18.218476,1
25.586724,2
12.951829,1
3.385017,1
48.645998,1
2.837971,1
25.151393,1
22.335888,1
32.742125,2
11.799522,1
8.158797,1
2.319858,1
2.995825,1
8.537403,1
9.765962,1
0.84035,1
7.951631,1
2.435974,1
11.825524,2
36.47437,1
18.286261,1
7.584776,1
53.07546,1
14.57662,1
26.269842,1
7.007205,1
2.214805,1
2.86489,1
0.902224,1
6.54751,1
5.213745,1
24.887777,1
3.864938,1
4.77706,1
16.054458,1
15.087947,2
2.026943,1
3.545633,1
6.896705,1
14.69542,1
2.296368,1
1.442369,1
11.249879,1
3.776797,1
9.46028,1
18.752595,1
8.767088,1
15.647239,2
3.499765,1
10.305329,1
12.515402,1
12.572945,1
120.985338,1
35.101193,1
1.27608,2
1.615625,1
9.047921,1
20.233062,1
16.016369,1
34.650386,1
8.09742,1
1.985959,1
10.480489,1
33.76328,1
4.701376,1
8.763304,1
33.995895,1
38.037735,2
13.439973,1
12.287951,1
25.03218,1
31.221739,1
1.81381,1
19.089824,1
19.929117,1
14.172369,1
6.218029,1
21.959794,1
12.576543,1
23.363641,1
6.205172,1
12.08035,1
3.965828,1
12.956653,1
7.97369,1
22.898502,1
33.542553,1
40.96923,1
12.590673,2
36.024088,1
4.109595,1
2.795342,1
26.35745,1
1.452667,2
11.836197,1
2.83737,1
12.350817,1
6.575923,1
7.745144,1
3.32685,1
18.111338,1
25.600932,1
37.220694,1
9.065693,1
9.683061,1
1.777127,1
27.296779,1
29.936365,2
36.606999,2
33.518069,1
9.269258,1
6.148536,1
1.428644,1
22.793361,1
5.713865,1
18.529595,1
10.576242,1
12.358661,1
21.020179,1
8.510459,1
4.353498,1
10.752644,1
34.603353,1
1.771025,1
1.188564,1
18.463717,1
3.091164,1
16.302933,1
18.572758,1
7.941543,1
50.17299,1
6.064631,2
8.37857,1
12.041046,1
3.212065,1
7.562971,2
1.941624,1
13.019016,1
10.086627,2
8.45621,1
5.295696,1
11.577062,1
2.018959,1
3.675696,1
8.268042,1
13.529648,1
35.186093,1
6.480159,2
27.487565,1
5.458279,1
21.562029,1
3.280092,1
45.276134,1
48.944162,1
40.145621,1
29.657092,1
24.500085,1
17.283092,1
8.908651,2
35.257941,1
10.267117,1
13.159503,1
37.681106,1
5.552167,1
11.395848,1
7.095687,1
13.300646,1
16.364771,1
39.702449,1
13.493193,1
5.578959,1
16.320596,1
13.524125,1
8.27746,1
4.982881,1
2.225543,2
11.61992,1
13.740955,1
3.005845,1
46.320769,1
5.916296,1
25.907646,1
34.545394,1
0.999183,1
4.068186,1
0.891862,1
41.079942,1
23.18472,1
17.837238,1
3.707758,1
3.789029,1
11.647654,1
6.544893,1
21.498659,1
21.351134,1
9.633485,2
33.455442,1
14.596259,1
29.303377,1
20.81908,1
5.737353,1
47.335497,1
4.71159,1
7.730566,2
8.136347,1
1.5255,1
0.826722,1
7.365351,1
7.061994,1
2.527056,1
1.348676,1
12.752245,1
4.71474,1
7.417637,1
3.446066,1
44.455563,1
15.440504,1
1.5712,1
8.26761,1
21.310761,1
2.306217,1
12.312693,1
25.111654,1
4.626724,1
4.127297,1
9.128015,1
26.081316,1
4.709517,1
2.139842,1
5.321717,1
17.532978,1
25.2868,1
6.839029,1
18.585921,1
16.35686,1
10.380298,2
19.427371,3
13.501626,1
28.321993,1
39.924949,1
15.192454,2
0.816676,1
17.910936,1
4.013984,2
6.664501,1
4.652883,1
1.488017,1
2.963129,1
11.224054,1
3.406562,1
9.011441,1
56.149209,1
11.193161,1
1.712602,1
5.416908,1
2.317807,1
11.609303,1
11.31878,1
13.241569,1
16.638196,1
3.96965,1
5.115993,1
5.164418,1
56.599859,1
6.716249,1
32.601289,1
2.932184,1
28.696754,1
17.088662,2
17.866238,1
12.478876,1
31.13804,1
22.100006,1
13.691903,1
17.171587,1
1.021939,1
10.771263,1
38.59738,1
4.372082,2
11.456082,1
48.522156,1
64.929823,1
18.478941,1
48.357743,1
47.254706,1
3.638235,1
8.212257,1
2.360006,1
12.21112,1
11.56563,1
2.576573,1
8.529167,1
21.490662,1
4.03056,2
4.294237,1
32.952742,1
29.421461,1
32.124551,1
11.758594,2
8.331777,1
3.080804,1
4.963107,1
24.644917,1
43.620528,1
17.821727,1
32.259938,1
23.504274,1
5.084622,2
1.875772,1
7.167971,1
10.981999,1
7.871142,1
31.881092,1
3.991215,1
19.769978,1
17.661883,1
29.899759,1
19.37569,1
6.990638,1
22.864161,1
26.06784,1
40.376551,1
13.221785,1
11.505262,1
4.534939,1
15.081431,1
15.025673,1
10.896203,1
19.543393,1
23.453541,1
8.203596,1
8.41687,1
18.053487,1
5.53491,1
19.249684,1
10.125769,1
2.266022,1
4.373968,1
39.079266,1
21.180533,1
5.632748,1
9.648914,1
1.155444,1
10.288271,1
2.861727,1
3.827364,1
6.966344,1
1.70955,1
23.507269,1
12.405116,1
9.044923,1
4.374923,1
0.989421,1
28.702988,1
34.071056,1
2.549642,1
11.310682,1
6.398689,1
6.824362,1
2.741506,1
2.43011,1
2.604965,1
14.657827,1
3.873238,1
4.066781,1
49.919889,1
22.470179,1
9.726954,1
15.429724,1
43.628228,1
5.132618,1
11.934336,1
30.400879,1
43.866562,1
23.696222,1
14.076212,1
22.957921,1
67.971877,1
8.622854,1
20.469968,1
2.372752,1
10.055837,1
1.524739,1
9.484053,1
45.305489,1
28.171387,1
6.099724,1
13.457194,1
18.157808,1
8.199087,1
13.729347,1
26.264217,1
5.149342,1
24.468922,1
25.077268,1
16.674197,1
19.856973,1
25.670637,2
38.558416,1
40.616503,1
26.99549,1
8.5938,1
16.857933,1
21.693186,1
3.066568,1
7.646505,1
20.800842,1
2.440605,1
7.892336,1
3.558221,1
28.444892,1
34.267432,1
2.883991,1
5.231296,1
1.910436,1
16.820409,1
28.243819,2
2.698451,1
21.824654,1
8.027566,1
4.302446,1
8.856271,1
26.219505,1
26.226055,1
3.660044,1
6.070413,1
10.228333,1
8.195997,1
1.888845,1
6.139751,1
1.29959,1
15.466199,1
19.576064,1
5.178375,2
7.407825,1
28.175352,1
23.854855,1
8.269623,1
6.285257,1
14.06975,1
7.32262,1
6.762655,1
25.920814,1
15.102286,1
0.957812,1
1.434371,1
5.496775,1
6.008919,1
30.392909,1
33.313723,1
21.862688,1
10.318329,1
2.064165,1
23.444513,1
21.64801,1
9.143022,1
33.242302,1
1.490633,1
6.873298,1
