Target Time,Load Intensity,Successful Transactions,Failed Transactions,Dropped Transactions,Avg Response Time,Final Batch Dispatch Time,Watts(Utilization of 34.69.59.237),Watts(Utilization of 34.123.191.220),Watts(Utilization of 34.68.141.118),15.04.2021;13:32:53080
0.5,30.0,0,0,0,0.0,0.551,0.030131826741996232,0.11244979919678715,0.1638655462184874
1.5,30.0,32,0,0,0.785,1.489,0.08588957055214724,0.9512195121951219,0.9815950920245399
2.5,30.0,46,0,0,0.544,2.463,0.029585798816568046,0.5290697674418605,0.7034883720930233
3.5,30.0,32,0,0,0.315,3.496,0.06557377049180328,0.41935483870967744,0.7675675675675676
4.5,30.0,32,0,0,0.297,4.496,0.05649717514124294,0.43820224719101125,0.6949152542372882
5.5,30.0,28,0,0,0.292,5.478,0.09302325581395349,0.5344827586206896,0.6705202312138728
6.5,30.0,30,0,0,0.305,6.487,0.03932584269662921,0.5111111111111111,0.7541899441340782
7.5,30.0,30,0,0,0.33,7.485,0.04597701149425287,0.5625,0.6797752808988764
8.5,30.0,34,0,0,0.27,8.462,0.03468208092485549,0.6091954022988506,0.6551724137931034
9.5,30.0,29,0,0,0.196,9.485,0.027777777777777776,0.47540983606557374,0.6574585635359116
10.5,30.0,31,0,0,0.192,10.462,0.023255813953488372,0.47701149425287354,0.5114942528735632
11.5,30.0,30,0,0,0.186,11.477,0.05,0.5,0.5824175824175825
12.5,30.0,29,0,0,0.188,12.476,0.03954802259887006,0.672316384180791,0.6420454545454546
13.5,30.0,33,0,0,0.176,13.507,0.04419889502762431,0.41304347826086957,0.5108695652173914
14.5,30.0,27,0,0,0.159,14.48,0.029069767441860465,0.3313953488372093,0.5174418604651163
15.5,30.0,32,0,0,0.188,15.527,0.0962566844919786,0.46808510638297873,0.6310160427807486
16.5,30.0,30,0,0,0.181,16.512,0.034482758620689655,0.5371428571428571,0.5632183908045977
17.5,30.0,27,0,0,0.182,17.488,0.03508771929824561,0.5632183908045977,0.8342857142857143
18.5,30.0,31,0,0,0.196,18.469,0.028735632183908046,0.48554913294797686,0.6666666666666666
19.5,30.0,31,0,0,0.209,19.484,0.05027932960893855,0.5111111111111111,0.7197802197802198
20.5,30.0,29,0,0,0.184,20.462,0.04597701149425287,0.5375722543352601,0.6954022988505747
21.5,30.0,33,0,0,0.202,21.485,0.04419889502762431,0.5164835164835165,0.5
22.5,30.0,26,0,0,0.178,22.464,0.03468208092485549,0.7456647398843931,0.7586206896551724
23.5,30.0,32,0,0,0.23,23.514,0.03867403314917127,0.42021276595744683,0.5828877005347594
24.5,30.0,30,0,0,0.183,24.464,0.029940119760479042,0.3630952380952381,0.6666666666666666
25.5,30.0,31,0,0,0.21,25.496,0.0972972972972973,0.5543478260869565,0.644808743169399
26.5,30.0,28,0,0,0.189,26.49,0.04,0.4915254237288136,0.7613636363636364
27.5,30.0,30,0,0,0.192,27.484,0.04,0.48863636363636365,0.7386363636363636
28.5,30.0,32,0,0,0.176,28.469,0.028735632183908046,0.41040462427745666,0.5344827586206896
29.5,30.0,28,0,0,0.167,29.505,0.03825136612021858,0.3675675675675676,0.5760869565217391
30.5,30.0,31,0,0,0.173,30.487,0.05202312138728324,0.6206896551724138,0.603448275862069
31.5,30.0,25,0,0,0.295,31.464,0.057803468208092484,0.5465116279069767,0.9425287356321839
32.5,30.0,37,0,0,0.236,32.496,0.0273224043715847,0.45054945054945056,0.5652173913043478
33.5,30.0,30,0,0,0.187,33.474,0.06358381502890173,0.5664739884393064,0.6971428571428572
34.5,30.0,27,0,0,0.181,34.476,0.033707865168539325,0.36312849162011174,0.5842696629213483
35.5,30.0,32,0,0,0.185,35.492,0.0782122905027933,0.49444444444444446,0.5469613259668509
36.5,30.0,32,0,0,0.183,36.53,0.03296703296703297,0.5027027027027027,0.543010752688172
37.5,30.0,27,0,0,0.176,37.485,0.047619047619047616,0.5621301775147929,0.43452380952380953
38.5,30.0,32,0,0,0.173,38.501,0.027777777777777776,0.4419889502762431,0.56353591160221
39.5,30.0,28,0,0,0.177,39.466,0.041176470588235294,0.4152046783625731,0.6802325581395349
40.5,30.0,32,0,0,0.167,40.525,0.07446808510638298,0.3526315789473684,0.6157894736842106
41.5,30.0,29,0,0,0.197,41.466,0.03636363636363636,0.4233128834355828,0.7710843373493976
42.5,30.0,30,0,0,0.189,42.481,0.03314917127071823,0.43646408839779005,0.6153846153846154
43.5,30.0,29,0,0,0.191,43.484,0.03389830508474576,0.659217877094972,0.6384180790960452
44.5,30.0,31,0,0,0.166,44.488,0.027932960893854747,0.34269662921348315,0.5444444444444444
45.5,30.0,28,0,0,0.209,45.483,0.07386363636363637,0.4157303370786517,0.7005649717514124
46.5,30.0,31,0,0,0.19,46.496,0.05027932960893855,0.569060773480663,0.6519337016574586
47.5,30.0,30,0,0,0.201,47.495,0.05084745762711865,0.559322033898305,0.6214689265536724
48.5,30.0,27,0,0,0.2,48.465,0.028901734104046242,0.5555555555555556,0.7572254335260116
49.5,30.0,33,0,0,0.181,49.484,0.04371584699453552,0.38461538461538464,0.5082872928176796
50.5,30.0,30,0,0,0.165,50.473,0.040229885057471264,0.41954022988505746,0.5340909090909091
51.5,30.0,28,0,0,0.2,51.486,0.027932960893854747,0.5810055865921788,0.7790055248618785
52.5,30.0,31,0,0,0.214,52.476,0.028409090909090908,0.3977272727272727,0.6363636363636364
53.5,30.0,29,0,0,0.186,53.501,0.07777777777777778,0.6685082872928176,0.782608695652174
54.5,30.0,33,0,0,0.21,54.493,0.040229885057471264,0.5084745762711864,0.7954545454545454
55.5,30.0,30,0,0,0.211,55.492,0.10795454545454546,0.44886363636363635,0.550561797752809
56.5,30.0,30,0,0,0.18,56.48,0.06321839080459771,0.5310734463276836,0.5371428571428571
57.5,30.0,28,0,0,0.178,57.47,0.06896551724137931,0.44886363636363635,0.7828571428571428
58.5,30.0,32,0,0,0.186,58.498,0.02197802197802198,0.5956284153005464,0.6174863387978142
59.5,30.0,30,0,0,0.19,59.462,0.05263157894736842,0.4678362573099415,0.6
60.5,30.0,30,0,0,0.178,60.465,0.03428571428571429,0.5,0.6333333333333333
61.5,30.0,27,0,0,0.18,61.458,0.056818181818181816,0.3735632183908046,0.7443181818181818
62.5,30.0,34,0,0,0.171,62.502,0.03763440860215054,0.34594594594594597,0.4838709677419355
63.5,30.0,27,0,0,0.168,63.473,0.040697674418604654,0.4186046511627907,0.6162790697674418
64.5,30.0,32,0,0,0.201,64.466,0.056818181818181816,0.6761363636363636,0.7485714285714286
65.5,30.0,29,0,0,0.211,65.46,0.08,0.36363636363636365,0.4971751412429379
66.5,30.0,29,0,0,0.177,66.49,0.03825136612021858,0.5706521739130435,0.5978260869565217
67.5,30.0,32,0,0,0.184,67.497,0.05027932960893855,0.5337078651685393,0.6685393258426966
68.5,30.0,28,0,0,0.192,68.462,0.023668639053254437,0.6235294117647059,0.6
69.5,30.0,29,0,0,0.188,69.458,0.045454545454545456,0.5284090909090909,0.6534090909090909
70.5,30.0,34,0,0,0.185,70.499,0.05945945945945946,0.45454545454545453,0.6149732620320856
71.5,30.0,28,0,0,0.2,71.472,0.029411764705882353,0.5114942528735632,0.6104651162790697
72.5,30.0,31,0,0,0.168,72.492,0.038461538461538464,0.44505494505494503,0.6208791208791209
73.5,30.0,31,0,0,0.189,73.509,0.03888888888888889,0.39226519337016574,0.532967032967033
74.5,30.0,27,0,0,0.167,74.458,0.041666666666666664,0.6445783132530121,0.7305389221556886
75.5,30.0,30,0,0,0.199,75.498,0.07142857142857142,0.574468085106383,0.7010869565217391
76.5,30.0,29,0,0,0.239,76.468,0.04093567251461988,0.5348837209302325,0.8255813953488372
77.5,30.0,31,0,0,0.203,77.46,0.045714285714285714,0.4742857142857143,0.4943181818181818
78.5,30.0,29,0,0,0.181,78.461,0.0449438202247191,0.559322033898305,0.6703910614525139
79.5,30.0,31,0,0,0.202,79.468,0.062146892655367235,0.547486033519553,0.6871508379888268
80.5,30.0,31,0,0,0.202,80.47,0.055865921787709494,0.4044943820224719,0.7471910112359551
81.5,30.0,32,0,0,0.195,81.511,0.032432432432432434,0.5351351351351351,0.6229508196721312
82.5,30.0,29,0,0,0.18,82.508,0.02857142857142857,0.3872832369942196,0.4550561797752809
83.5,30.0,29,0,0,0.201,83.492,0.05172413793103448,0.5953757225433526,0.6839080459770115
84.5,30.0,30,0,0,0.171,84.474,0.028735632183908046,0.4228571428571429,0.6436781609195402
85.5,30.0,30,0,0,0.21,85.482,0.05555555555555555,0.5444444444444444,0.6298342541436464
86.5,30.0,31,0,0,0.212,86.496,0.05027932960893855,0.6298342541436464,0.6256983240223464
87.5,30.0,30,0,0,0.193,87.496,0.0449438202247191,0.6573033707865169,0.6536312849162011
88.5,30.0,29,0,0,0.188,88.465,0.023391812865497075,0.5029239766081871,0.5697674418604651
89.5,30.0,31,0,0,0.189,89.503,0.05405405405405406,0.3967391304347826,0.6774193548387096
90.5,30.0,30,0,0,0.186,90.505,0.04519774011299435,0.4550561797752809,0.651685393258427
91.5,30.0,28,0,0,0.199,91.474,0.03508771929824561,0.5058139534883721,0.7209302325581395
92.5,30.0,32,0,0,0.185,92.473,0.03389830508474576,0.42134831460674155,0.536723163841808
93.5,30.0,31,0,0,0.171,93.49,0.03888888888888889,0.5248618784530387,0.6022099447513812
94.5,30.0,27,0,0,0.24,94.493,0.033707865168539325,0.5222222222222223,0.8
95.5,30.0,32,0,0,0.199,95.49,0.05113636363636364,0.6836158192090396,0.6966292134831461
96.5,30.0,27,0,0,0.204,96.465,0.06976744186046512,0.49710982658959535,0.6104651162790697
97.5,30.0,31,0,0,0.188,97.465,0.03932584269662921,0.5112359550561798,0.6875
98.5,30.0,31,0,0,0.195,98.46,0.02824858757062147,0.3657142857142857,0.7175141242937854
99.5,30.0,30,0,0,0.177,99.479,0.03867403314917127,0.42857142857142855,0.6629834254143646
100.5,30.0,30,0,0,0.195,100.489,0.0449438202247191,0.4222222222222222,0.55
101.5,30.0,28,0,0,0.175,101.472,0.05172413793103448,0.46285714285714286,0.7885714285714286
102.5,30.0,34,0,0,0.198,102.509,0.0273224043715847,0.30978260869565216,0.5597826086956522
103.5,30.0,28,0,0,0.189,103.49,0.04046242774566474,0.5344827586206896,0.7988505747126436
104.5,30.0,29,0,0,0.198,104.471,0.04046242774566474,0.5771428571428572,0.5632183908045977
105.5,30.0,31,0,0,0.178,105.485,0.03910614525139665,0.5911602209944752,0.5722222222222222
106.5,30.0,30,0,0,0.191,106.48,0.11363636363636363,0.5568181818181818,0.7102272727272727
107.5,30.0,31,0,0,0.203,107.458,0.05202312138728324,0.4367816091954023,0.6896551724137931
108.5,30.0,30,0,0,0.176,108.499,0.03208556149732621,0.5135135135135135,0.5675675675675675
109.5,30.0,31,0,0,0.177,109.499,0.0449438202247191,0.39325842696629215,0.4124293785310734
110.5,30.0,29,0,0,0.18,110.477,0.041176470588235294,0.5549132947976878,0.7167630057803468
111.5,30.0,27,0,0,0.213,111.457,0.06857142857142857,0.6206896551724138,0.8218390804597702
112.5,30.0,33,0,0,0.192,112.487,0.03278688524590164,0.375,0.657608695652174
113.5,30.0,27,0,0,0.194,113.469,0.06976744186046512,0.5885714285714285,0.46285714285714286
114.5,30.0,31,0,0,0.193,114.479,0.03910614525139665,0.6277777777777778,0.585635359116022
115.5,30.0,31,0,0,0.21,115.529,0.0374331550802139,0.4385026737967914,0.47593582887700536
116.5,30.0,28,0,0,0.175,116.458,0.08024691358024691,0.6524390243902439,0.6951219512195121
117.5,30.0,32,0,0,0.19,117.495,0.06521739130434782,0.5027027027027027,0.6378378378378379
118.5,30.0,29,0,0,0.194,118.479,0.03488372093023256,0.6184971098265896,0.6994219653179191
119.5,30.0,32,0,0,0.189,119.498,0.03314917127071823,0.33516483516483514,0.712707182320442
120.5,30.0,27,0,0,0.199,120.462,0.041666666666666664,0.6549707602339181,0.6352941176470588
121.5,30.0,33,0,0,0.19,121.482,0.03333333333333333,0.5138121546961326,0.7458563535911602
122.5,30.0,28,0,0,0.22,122.475,0.02857142857142857,0.5340909090909091,0.6420454545454546
123.5,30.0,30,0,0,0.186,123.456,0.06321839080459771,0.5747126436781609,0.45977011494252873
124.5,30.0,30,0,0,0.176,124.466,0.05027932960893855,0.4666666666666667,0.6555555555555556
125.5,30.0,33,0,0,0.175,125.531,0.031914893617021274,0.40414507772020725,0.5602094240837696
126.5,30.0,27,0,0,0.175,126.476,0.10179640718562874,0.6227544910179641,0.49404761904761907
127.5,30.0,32,0,0,0.181,127.459,0.040697674418604654,0.3275862068965517,0.5257142857142857
128.5,30.0,32,0,0,0.17,128.52,0.026455026455026454,0.4603174603174603,0.5578947368421052
129.5,30.0,25,0,0,0.175,129.467,0.03614457831325301,0.5783132530120482,0.6287425149700598
130.5,30.0,33,0,0,0.194,130.474,0.04519774011299435,0.35195530726256985,0.6666666666666666
131.5,30.0,28,0,0,0.186,131.493,0.0335195530726257,0.6464088397790055,0.5879120879120879
132.5,30.0,31,0,0,0.189,132.513,0.03314917127071823,0.6022099447513812,0.5380434782608695
133.5,30.0,30,0,0,0.183,133.469,0.029940119760479042,0.3869047619047619,0.6785714285714286
134.5,30.0,31,0,0,0.162,134.497,0.032432432432432434,0.3675675675675676,0.5652173913043478
135.5,30.0,30,0,0,0.189,135.5,0.03932584269662921,0.4748603351955307,0.6871508379888268
136.5,30.0,27,0,0,0.19,136.483,0.08,0.4482758620689655,0.5771428571428572
137.5,30.0,33,0,0,0.208,137.5,0.044444444444444446,0.6740331491712708,0.7734806629834254
138.5,30.0,28,0,0,0.247,138.509,0.01675977653631285,0.6222222222222222,0.7944444444444444
139.5,30.0,33,0,0,0.191,139.519,0.03954802259887006,0.45,0.6424581005586593
140.5,30.0,28,0,0,0.19,140.48,0.047619047619047616,0.4970414201183432,0.5988372093023255
141.5,30.0,30,0,0,0.177,141.499,0.03314917127071823,0.4388888888888889,0.7087912087912088
142.5,30.0,29,0,0,0.191,142.473,0.03468208092485549,0.43859649122807015,0.6104651162790697
143.5,30.0,32,0,0,0.172,143.488,0.05555555555555555,0.39106145251396646,0.6187845303867403
144.5,30.0,29,0,0,0.188,144.464,0.03468208092485549,0.49707602339181284,0.5862068965517241
145.5,30.0,27,0,0,0.164,145.473,0.03932584269662921,0.4887640449438202,0.5754189944134078
146.5,30.0,35,0,0,0.179,146.475,0.0847457627118644,0.4157303370786517,0.5921787709497207
147.5,30.0,29,0,0,0.169,147.476,0.03954802259887006,0.559322033898305,0.5251396648044693
148.5,30.0,28,0,0,0.178,148.47,0.022727272727272728,0.7175141242937854,0.6742857142857143
149.5,30.0,32,0,0,0.216,149.479,0.061452513966480445,0.42134831460674155,0.6277777777777778
150.5,30.0,28,0,0,0.175,150.501,0.04945054945054945,0.3879781420765027,0.6408839779005525
151.5,30.0,32,0,0,0.18,151.5,0.05649717514124294,0.4044943820224719,0.5617977528089888
152.5,30.0,30,0,0,0.174,152.492,0.03428571428571429,0.4463276836158192,0.6931818181818182
153.5,30.0,28,0,0,0.172,153.505,0.044444444444444446,0.5082872928176796,0.6187845303867403
154.5,30.0,31,0,0,0.19,154.49,0.022988505747126436,0.45977011494252873,0.56
155.5,30.0,30,0,0,0.194,155.471,0.03488372093023256,0.6628571428571428,0.6379310344827587
156.5,30.0,30,0,0,0.186,156.477,0.08379888268156424,0.5561797752808989,0.5251396648044693
157.5,30.0,31,0,0,0.194,157.489,0.049723756906077346,0.7182320441988951,0.5083798882681564
158.5,30.0,28,0,0,0.183,158.517,0.03825136612021858,0.5792349726775956,0.6918918918918919
159.5,30.0,32,0,0,0.186,159.503,0.05142857142857143,0.5606936416184971,0.6857142857142857
160.5,30.0,30,0,0,0.204,160.49,0.06321839080459771,0.4,0.4941860465116279
161.5,30.0,27,0,0,0.243,161.471,0.05142857142857143,0.8620689655172413,0.6
162.5,30.0,33,0,0,0.198,162.485,0.0335195530726257,0.5222222222222223,0.5359116022099447
163.5,30.0,29,0,0,0.17,163.475,0.05084745762711865,0.3942857142857143,0.5310734463276836
164.5,30.0,31,0,0,0.175,164.483,0.03888888888888889,0.46111111111111114,0.5865921787709497
165.5,30.0,28,0,0,0.181,165.478,0.04,0.2784090909090909,0.6949152542372882
166.5,30.0,32,0,0,0.186,166.458,0.09826589595375723,0.5459770114942529,0.6494252873563219
167.5,30.0,29,0,0,0.194,167.461,0.056179775280898875,0.48314606741573035,0.6573033707865169
168.5,30.0,28,0,0,0.181,168.495,0.03225806451612903,0.6902173913043478,0.5483870967741935
169.5,30.0,33,0,0,0.196,169.477,0.046242774566473986,0.46285714285714286,0.6839080459770115
170.5,30.0,27,0,0,0.194,170.482,0.05649717514124294,0.6,0.5333333333333333
171.5,30.0,32,0,0,0.189,171.486,0.05027932960893855,0.40782122905027934,0.5810055865921788
172.5,30.0,30,0,0,0.183,172.517,0.027472527472527472,0.5217391304347826,0.8369565217391305
173.5,30.0,31,0,0,0.2,173.475,0.06547619047619048,0.5502958579881657,0.46153846153846156
174.5,30.0,31,0,0,0.185,174.492,0.03888888888888889,0.5111111111111111,0.5355191256830601
175.5,30.0,25,0,0,0.187,175.468,0.05813953488372093,0.48554913294797686,0.6705202312138728
176.5,30.0,34,0,0,0.183,176.471,0.07386363636363637,0.3743016759776536,0.7359550561797753
177.5,30.0,27,0,0,0.198,177.465,0.05142857142857143,0.519774011299435,0.7344632768361582
178.5,30.0,32,0,0,0.184,178.458,0.022988505747126436,0.6193181818181818,0.6779661016949152
179.5,30.0,27,0,0,0.198,179.478,0.04945054945054945,0.5469613259668509,0.6263736263736264
180.5,30.0,34,0,0,0.205,180.503,0.054945054945054944,0.45901639344262296,0.6721311475409836
181.5,30.0,28,0,0,0.191,181.456,0.05325443786982249,0.6627218934911243,0.5857988165680473
182.5,30.0,32,0,0,0.193,182.476,0.027624309392265192,0.5333333333333333,0.5409836065573771
183.5,30.0,28,0,0,0.181,183.47,0.05714285714285714,0.4576271186440678,0.6497175141242938
184.5,30.0,29,0,0,0.189,184.495,0.038461538461538464,0.6284153005464481,0.6739130434782609
185.5,30.0,33,0,0,0.21,185.487,0.03977272727272727,0.519774011299435,0.5706214689265536
186.5,30.0,30,0,0,0.177,186.489,0.07344632768361582,0.42134831460674155,0.5340909090909091
187.5,30.0,28,0,0,0.171,187.474,0.045714285714285714,0.5909090909090909,0.5942857142857143
188.5,30.0,31,0,0,0.195,188.461,0.022988505747126436,0.5402298850574713,0.7740112994350282
189.5,30.0,29,0,0,0.193,189.478,0.03314917127071823,0.6685082872928176,0.6428571428571429
190.5,30.0,31,0,0,0.202,190.485,0.0446927374301676,0.3651685393258427,0.7541899441340782
191.5,30.0,31,0,0,0.167,191.483,0.07303370786516854,0.38764044943820225,0.5642458100558659
192.5,30.0,30,0,0,0.172,192.482,0.02824858757062147,0.4350282485875706,0.5028248587570622
193.5,30.0,28,0,0,0.186,193.458,0.040697674418604654,0.4797687861271676,0.7942857142857143
194.5,30.0,34,0,0,0.189,194.524,0.026455026455026454,0.4031413612565445,0.5
195.5,30.0,27,0,0,0.162,195.47,0.04216867469879518,0.5696969696969697,0.5568862275449101
196.5,30.0,31,0,0,0.19,196.486,0.08333333333333333,0.4945054945054945,0.5911602209944752
197.5,30.0,26,0,0,0.192,197.48,0.03954802259887006,0.6404494382022472,0.632768361581921
198.5,30.0,34,0,0,0.186,198.473,0.017241379310344827,0.37714285714285717,0.625
199.5,30.0,29,0,0,0.191,199.476,0.06179775280898876,0.6853932584269663,0.6853932584269663
200.5,30.0,31,0,0,0.195,200.5,0.03867403314917127,0.5303867403314917,0.5573770491803278
201.5,30.0,31,0,0,0.169,201.502,0.03910614525139665,0.4245810055865922,0.5722222222222222
202.5,30.0,28,0,0,0.177,202.494,0.028409090909090908,0.6149425287356322,0.6193181818181818
203.5,30.0,30,0,0,0.173,203.478,0.06321839080459771,0.5287356321839081,0.4682080924855491
204.5,30.0,28,0,0,0.214,204.472,0.03932584269662921,0.5932203389830508,0.655367231638418
205.5,30.0,32,0,0,0.17,205.481,0.03932584269662921,0.5251396648044693,0.569060773480663
206.5,30.0,30,0,0,0.19,206.457,0.06976744186046512,0.47126436781609193,0.47701149425287354
207.5,30.0,31,0,0,0.168,207.479,0.04945054945054945,0.4175824175824176,0.6868131868131868
208.5,30.0,27,0,0,0.206,208.481,0.03932584269662921,0.4301675977653631,0.7944444444444444
209.5,30.0,31,0,0,0.194,209.473,0.03977272727272727,0.4057142857142857,0.6761363636363636
210.5,30.0,29,0,0,0.218,210.464,0.045714285714285714,0.601123595505618,0.7257142857142858
211.5,30.0,34,0,0,0.203,211.49,0.04395604395604396,0.5027322404371585,0.546448087431694
212.5,30.0,29,0,0,0.19,212.506,0.027624309392265192,0.5,0.6557377049180327
213.5,30.0,30,0,0,0.195,213.483,0.06358381502890173,0.436046511627907,0.6686046511627907
214.5,30.0,30,0,0,0.183,214.503,0.03296703296703297,0.40437158469945356,0.585635359116022
215.5,30.0,28,0,0,0.174,215.488,0.034482758620689655,0.4742857142857143,0.56
216.5,30.0,30,0,0,0.181,216.496,0.07222222222222222,0.5,0.4888888888888889
217.5,30.0,32,0,0,0.176,217.496,0.03954802259887006,0.4632768361581921,0.4860335195530726
218.5,30.0,28,0,0,0.234,218.501,0.033707865168539325,0.48044692737430167,0.7415730337078652
219.5,30.0,32,0,0,0.18,219.479,0.046242774566473986,0.48554913294797686,0.6971428571428572
220.5,30.0,29,0,0,0.177,220.459,0.04046242774566474,0.7011494252873564,0.5402298850574713
221.5,30.0,31,0,0,0.171,221.457,0.028409090909090908,0.4147727272727273,0.39325842696629215
222.5,30.0,32,0,0,0.163,222.493,0.021739130434782608,0.4,0.5376344086021505
223.5,30.0,28,0,0,0.177,223.459,0.04678362573099415,0.4619883040935672,0.5523255813953488
224.5,30.0,29,0,0,0.172,224.489,0.02185792349726776,0.391304347826087,0.5054347826086957
225.5,30.0,30,0,0,0.167,225.482,0.05649717514124294,0.42045454545454547,0.4318181818181818
226.5,30.0,31,0,0,0.178,226.485,0.09497206703910614,0.5921787709497207,0.6480446927374302
227.5,30.0,27,0,0,0.204,227.477,0.028409090909090908,0.45714285714285713,0.7727272727272727
228.5,30.0,33,0,0,0.181,228.489,0.02824858757062147,0.43333333333333335,0.5166666666666667
229.5,30.0,31,0,0,0.176,229.484,0.02857142857142857,0.4090909090909091,0.6214689265536724
230.5,30.0,27,0,0,0.195,230.468,0.02857142857142857,0.7556818181818182,0.6228571428571429
231.5,30.0,30,0,0,0.206,231.466,0.03954802259887006,0.6306818181818182,0.7457627118644068
232.5,30.0,30,0,0,0.183,232.476,0.0223463687150838,0.6055555555555555,0.4861878453038674
233.5,30.0,31,0,0,0.19,233.466,0.09714285714285714,0.38285714285714284,0.7443181818181818
234.5,30.0,31,0,0,0.189,234.48,0.055865921787709494,0.5111111111111111,0.5222222222222223
235.5,30.0,29,0,0,0.184,235.474,0.05714285714285714,0.536723163841808,0.7401129943502824
236.5,30.0,30,0,0,0.219,236.506,0.06521739130434782,0.532608695652174,0.6630434782608695
237.5,30.0,30,0,0,0.181,237.464,0.07100591715976332,0.40236686390532544,0.621301775147929
238.5,30.0,32,0,0,0.169,238.504,0.02702702702702703,0.5053763440860215,0.510752688172043
239.5,30.0,28,0,0,0.198,239.502,0.05084745762711865,0.6629213483146067,0.5898876404494382
240.5,30.0,28,0,0,0.195,240.481,0.023255813953488372,0.5028901734104047,0.7109826589595376
241.5,30.0,31,0,0,0.193,241.49,0.0446927374301676,0.8,0.5777777777777777
242.5,30.0,30,0,0,0.21,242.472,0.02857142857142857,0.35428571428571426,0.5632183908045977
243.5,30.0,32,0,0,0.191,243.457,0.04597701149425287,0.6666666666666666,0.6264367816091954
244.5,30.0,30,0,0,0.173,244.466,0.0449438202247191,0.4,0.5444444444444444
245.5,30.0,28,0,0,0.185,245.468,0.03977272727272727,0.4887640449438202,0.6424581005586593
246.5,30.0,30,0,0,0.175,246.474,0.03333333333333333,0.3854748603351955,0.5955056179775281
247.5,30.0,31,0,0,0.172,247.499,0.07692307692307693,0.3791208791208791,0.5434782608695652
248.5,30.0,30,0,0,0.176,248.498,0.03932584269662921,0.4388888888888889,0.6797752808988764
249.5,30.0,29,0,0,0.187,249.49,0.034482758620689655,0.49714285714285716,0.5795454545454546
250.5,30.0,32,0,0,0.177,250.468,0.023121387283236993,0.43352601156069365,0.5371428571428571
251.5,30.0,33,0,0,0.184,251.53,0.05291005291005291,0.5105263157894737,0.6
252.5,30.0,25,0,0,0.167,252.488,0.023809523809523808,0.47953216374269003,0.591715976331361
253.5,30.0,30,0,0,0.182,253.459,0.047058823529411764,0.32748538011695905,0.6432748538011696
254.5,30.0,33,0,0,0.183,254.465,0.028089887640449437,0.43820224719101125,0.7277777777777777
255.5,30.0,27,0,0,0.22,255.475,0.05,0.4388888888888889,0.6740331491712708
256.5,30.0,28,0,0,0.175,256.485,0.027932960893854747,0.5555555555555556,0.6797752808988764
257.5,30.0,35,0,0,0.182,257.482,0.08620689655172414,0.5056818181818182,0.35795454545454547
258.5,30.0,30,0,0,0.167,258.486,0.0335195530726257,0.4722222222222222,0.45251396648044695
259.5,30.0,28,0,0,0.22,259.459,0.07058823529411765,0.7267441860465116,0.8563218390804598
260.5,30.0,32,0,0,0.201,260.519,0.021164021164021163,0.4631578947368421,0.656084656084656
261.5,30.0,27,0,0,0.197,261.474,0.04790419161676647,0.39520958083832336,0.8176470588235294
262.5,30.0,33,0,0,0.193,262.476,0.022598870056497175,0.6256983240223464,0.5112359550561798
263.5,30.0,28,0,0,0.179,263.507,0.03910614525139665,0.6432432432432432,0.6502732240437158
264.5,30.0,31,0,0,0.204,264.466,0.041176470588235294,0.4764705882352941,0.6309523809523809
265.5,30.0,28,0,0,0.188,265.493,0.06111111111111111,0.532608695652174,0.5355191256830601
266.5,30.0,29,0,0,0.199,266.485,0.028409090909090908,0.56,0.7288135593220338
267.5,30.0,31,0,0,0.206,267.467,0.08670520231213873,0.6285714285714286,0.72
268.5,30.0,32,0,0,0.207,268.485,0.03314917127071823,0.46703296703296704,0.6298342541436464
269.5,30.0,31,0,0,0.175,269.516,0.04918032786885246,0.3791208791208791,0.7197802197802198
270.5,30.0,25,0,0,0.186,270.464,0.03592814371257485,0.6130952380952381,0.6167664670658682
271.5,30.0,33,0,0,0.201,271.487,0.05,0.47802197802197804,0.47802197802197804
272.5,30.0,28,0,0,0.193,272.458,0.03468208092485549,0.7209302325581395,0.6337209302325582
273.5,30.0,31,0,0,0.184,273.466,0.06179775280898876,0.4581005586592179,0.6201117318435754
274.5,30.0,31,0,0,0.177,274.482,0.0223463687150838,0.40331491712707185,0.532967032967033
275.5,30.0,31,0,0,0.19,275.49,0.0335195530726257,0.4581005586592179,0.659217877094972
276.5,30.0,28,0,0,0.189,276.493,0.028089887640449437,0.6033519553072626,0.5706214689265536
277.5,30.0,33,0,0,0.193,277.474,0.09883720930232558,0.5058139534883721,0.5722543352601156
278.5,30.0,29,0,0,0.168,278.464,0.03409090909090909,0.5170454545454546,0.5028571428571429
279.5,30.0,29,0,0,0.193,279.488,0.04395604395604396,0.5846994535519126,0.7252747252747253
280.5,30.0,30,0,0,0.189,280.474,0.01744186046511628,0.5517241379310345,0.6457142857142857
281.5,30.0,31,0,0,0.212,281.459,0.08,0.4342857142857143,0.6136363636363636
282.5,30.0,29,0,0,0.191,282.463,0.027932960893854747,0.651685393258427,0.5777777777777777
283.5,30.0,31,0,0,0.208,283.483,0.06077348066298342,0.6043956043956044,0.5611111111111111
284.5,30.0,28,0,0,0.16,284.495,0.027932960893854747,0.4581005586592179,0.4419889502762431
285.5,30.0,32,0,0,0.175,285.488,0.028735632183908046,0.44,0.7045454545454546
286.5,30.0,29,0,0,0.204,286.502,0.05555555555555555,0.6132596685082873,0.5944444444444444
287.5,30.0,30,0,0,0.198,287.458,0.09523809523809523,0.5294117647058824,0.6647058823529411
288.5,30.0,29,0,0,0.17,288.507,0.03225806451612903,0.43617021276595747,0.6075268817204301
289.5,30.0,28,0,0,0.187,289.459,0.05357142857142857,0.5621301775147929,0.7380952380952381
290.5,30.0,31,0,0,0.239,290.461,0.028089887640449437,0.5842696629213483,0.651685393258427
291.5,30.0,34,0,0,0.18,291.524,0.06349206349206349,0.37037037037037035,0.5238095238095238
292.5,30.0,28,0,0,0.173,292.508,0.022988505747126436,0.4742857142857143,0.6057142857142858
293.5,30.0,32,0,0,0.182,293.485,0.08771929824561403,0.6551724137931034,0.4885057471264368
294.5,30.0,29,0,0,0.206,294.487,0.03389830508474576,0.5480225988700564,0.7231638418079096
295.5,30.0,31,0,0,0.184,295.498,0.03910614525139665,0.5055555555555555,0.5444444444444444
296.5,30.0,29,0,0,0.162,296.492,0.02857142857142857,0.4180790960451977,0.4406779661016949
297.5,30.0,27,0,0,0.192,297.46,0.1286549707602339,0.4941860465116279,0.6358381502890174
298.5,30.0,30,0,0,0.182,298.47,0.0335195530726257,0.5112359550561798,0.6022099447513812
299.5,30.0,32,0,0,0.198,299.476,0.04519774011299435,0.5363128491620112,0.6348314606741573
300.5,30.0,30,0,0,0.161,300.487,0.027777777777777776,0.425414364640884,0.6201117318435754
301.5,30.0,27,0,0,0.198,301.468,0.06358381502890173,0.5344827586206896,0.6988636363636364
302.5,30.0,35,0,0,0.199,302.515,0.026737967914438502,0.31891891891891894,0.6170212765957447
303.5,30.0,29,0,0,0.186,303.476,0.08875739644970414,0.6352941176470588,0.672514619883041
304.5,30.0,29,0,0,0.179,304.472,0.03428571428571429,0.3728813559322034,0.5625
305.5,30.0,30,0,0,0.181,305.494,0.03867403314917127,0.45901639344262296,0.6666666666666666
306.5,30.0,30,0,0,0.173,306.478,0.028735632183908046,0.4367816091954023,0.5714285714285714
307.5,30.0,30,0,0,0.219,307.47,0.09142857142857143,0.47191011235955055,0.8
308.5,30.0,30,0,0,0.189,308.478,0.02247191011235955,0.5027932960893855,0.553072625698324
309.5,30.0,30,0,0,0.191,309.483,0.03932584269662921,0.48044692737430167,0.547486033519553
310.5,30.0,27,0,0,0.177,310.455,0.017543859649122806,0.5290697674418605,0.6257309941520468
311.5,30.0,33,0,0,0.2,311.475,0.054945054945054944,0.5792349726775956,0.6666666666666666
312.5,30.0,28,0,0,0.189,312.512,0.02717391304347826,0.39572192513368987,0.6827956989247311
313.5,30.0,32,0,0,0.206,313.492,0.04093567251461988,0.4367816091954023,0.6
314.5,30.0,25,0,0,0.186,314.456,0.01764705882352941,0.7192982456140351,0.8117647058823529
315.5,30.0,34,0,0,0.204,315.471,0.044444444444444446,0.5384615384615384,0.659217877094972
316.5,30.0,30,0,0,0.184,316.478,0.02247191011235955,0.4692737430167598,0.5027932960893855
317.5,30.0,30,0,0,0.182,317.481,0.08522727272727272,0.47191011235955055,0.651685393258427
318.5,30.0,32,0,0,0.177,318.499,0.03314917127071823,0.48066298342541436,0.5414364640883977
319.5,30.0,29,0,0,0.169,319.503,0.05084745762711865,0.49444444444444446,0.6404494382022472
320.5,30.0,30,0,0,0.182,320.473,0.040697674418604654,0.4444444444444444,0.7745664739884393
321.5,30.0,31,0,0,0.228,321.461,0.05202312138728324,0.5371428571428571,0.6228571428571429
322.5,30.0,30,0,0,0.198,322.46,0.02824858757062147,0.5738636363636364,0.6892655367231638
323.5,30.0,28,0,0,0.219,323.495,0.060109289617486336,0.4648648648648649,0.7282608695652174
324.5,30.0,31,0,0,0.19,324.5,0.027932960893854747,0.6555555555555556,0.6722222222222223
325.5,30.0,30,0,0,0.204,325.497,0.05084745762711865,0.40331491712707185,0.7808988764044944
326.5,30.0,30,0,0,0.199,326.486,0.028735632183908046,0.6140350877192983,0.5172413793103449
327.5,30.0,29,0,0,0.192,327.461,0.09826589595375723,0.6705202312138728,0.7341040462427746
328.5,30.0,32,0,0,0.209,328.462,0.0449438202247191,0.5898876404494382,0.5842696629213483
329.5,30.0,29,0,0,0.182,329.46,0.04519774011299435,0.3146067415730337,0.6573033707865169
330.5,30.0,32,0,0,0.19,330.465,0.027932960893854747,0.43258426966292135,0.6966292134831461
331.5,30.0,28,0,0,0.19,331.492,0.06077348066298342,0.5136612021857924,0.5956284153005464
332.5,30.0,31,0,0,0.204,332.512,0.027624309392265192,0.6830601092896175,0.6557377049180327
333.5,30.0,30,0,0,0.194,333.471,0.047619047619047616,0.5680473372781065,0.5384615384615384
334.5,30.0,30,0,0,0.188,334.464,0.022988505747126436,0.4550561797752809,0.5965909090909091
335.5,30.0,29,0,0,0.169,335.481,0.03888888888888889,0.47802197802197804,0.6043956043956044
336.5,30.0,30,0,0,0.207,336.479,0.03428571428571429,0.5112359550561798,0.7231638418079096
337.5,30.0,30,0,0,0.205,337.468,0.10285714285714286,0.46285714285714286,0.6818181818181818
338.5,30.0,29,0,0,0.176,338.473,0.02824858757062147,0.6145251396648045,0.7
339.5,30.0,31,0,0,0.195,339.477,0.0446927374301676,0.48314606741573035,0.5810055865921788
340.5,30.0,31,0,0,0.182,340.459,0.028735632183908046,0.5517241379310345,0.6514285714285715
341.5,30.0,30,0,0,0.178,341.494,0.059782608695652176,0.43783783783783786,0.5837837837837838
342.5,30.0,29,0,0,0.183,342.462,0.029239766081871343,0.6162790697674418,0.6744186046511628
343.5,30.0,31,0,0,0.218,343.493,0.04371584699453552,0.45901639344262296,0.572972972972973
344.5,30.0,31,0,0,0.166,344.499,0.033707865168539325,0.4134078212290503,0.5666666666666667
345.5,30.0,27,0,0,0.187,345.468,0.058823529411764705,0.7017543859649122,0.6744186046511628
346.5,30.0,30,0,0,0.174,346.494,0.04395604395604396,0.4198895027624309,0.5683060109289617
347.5,30.0,32,0,0,0.223,347.485,0.09714285714285714,0.5142857142857142,0.7329545454545454
348.5,30.0,31,0,0,0.209,348.484,0.022857142857142857,0.3595505617977528,0.5706214689265536
349.5,30.0,28,0,0,0.176,349.471,0.04597701149425287,0.6193181818181818,0.5257142857142857
350.5,30.0,29,0,0,0.195,350.47,0.033707865168539325,0.5875706214689266,0.6966292134831461
351.5,30.0,30,0,0,0.197,351.488,0.06629834254143646,0.574585635359116,0.6480446927374302
352.5,30.0,31,0,0,0.176,352.469,0.03468208092485549,0.42528735632183906,0.6228571428571429
353.5,30.0,32,0,0,0.189,353.498,0.09340659340659341,0.5769230769230769,0.546448087431694
354.5,30.0,25,0,0,0.186,354.486,0.040229885057471264,0.5,0.6022727272727273
355.5,30.0,33,0,0,0.178,355.497,0.05027932960893855,0.4101123595505618,0.547486033519553
356.5,30.0,32,0,0,0.21,356.507,0.03932584269662921,0.6,0.6871508379888268
357.5,30.0,28,0,0,0.178,357.486,0.15028901734104047,0.5722543352601156,0.6104651162790697
358.5,30.0,31,0,0,0.189,358.465,0.046511627906976744,0.43352601156069365,0.5574712643678161
359.5,30.0,29,0,0,0.177,359.465,0.03932584269662921,0.480225988700565,0.6629213483146067
360.5,30.0,32,0,0,0.184,360.479,0.03314917127071823,0.48314606741573035,0.6444444444444445
361.5,30.0,30,0,0,0.204,361.49,0.06179775280898876,0.39779005524861877,0.6944444444444444
362.5,30.0,28,0,0,0.173,362.476,0.02857142857142857,0.5,0.6
363.5,30.0,28,0,0,0.191,363.468,0.05172413793103448,0.5568181818181818,0.6534090909090909
364.5,30.0,34,0,0,0.169,364.504,0.06521739130434782,0.3817204301075269,0.5376344086021505
365.5,30.0,27,0,0,0.198,365.499,0.045714285714285714,0.480225988700565,0.632768361581921
366.5,30.0,30,0,0,0.177,366.476,0.03468208092485549,0.632183908045977,0.5838150289017341
367.5,30.0,32,0,0,0.189,367.497,0.07777777777777778,0.4371584699453552,0.6077348066298343
368.5,30.0,31,0,0,0.19,368.506,0.027932960893854747,0.3854748603351955,0.6111111111111112
369.5,30.0,28,0,0,0.196,369.466,0.06470588235294118,0.5672514619883041,0.621301775147929
370.5,30.0,30,0,0,0.188,370.464,0.02824858757062147,0.4887640449438202,0.7821229050279329
371.5,30.0,32,0,0,0.192,371.514,0.053763440860215055,0.4148936170212766,0.5721925133689839
372.5,30.0,28,0,0,0.181,372.489,0.028901734104046242,0.49710982658959535,0.6069364161849711
373.5,30.0,30,0,0,0.221,373.47,0.07514450867052024,0.653179190751445,0.6914285714285714
374.5,30.0,31,0,0,0.183,374.485,0.0223463687150838,0.39444444444444443,0.6055555555555555
375.5,30.0,30,0,0,0.187,375.468,0.03488372093023256,0.5172413793103449,0.56
376.5,30.0,31,0,0,0.171,376.495,0.02185792349726776,0.46153846153846156,0.5136612021857924
377.5,30.0,28,0,0,0.209,377.475,0.09302325581395349,0.48255813953488375,0.7471264367816092
378.5,30.0,31,0,0,0.184,378.488,0.027932960893854747,0.4777777777777778,0.5666666666666667
379.5,30.0,31,0,0,0.176,379.481,0.05113636363636364,0.4431818181818182,0.6384180790960452
380.5,30.0,28,0,0,0.199,380.503,0.022099447513812154,0.6098901098901099,0.6939890710382514
381.5,30.0,31,0,0,0.176,381.473,0.08187134502923976,0.4235294117647059,0.5614035087719298
382.5,30.0,31,0,0,0.198,382.505,0.0273224043715847,0.5666666666666667,0.6684782608695652
383.5,30.0,30,0,0,0.196,383.473,0.05325443786982249,0.5176470588235295,0.5672514619883041
384.5,30.0,26,0,0,0.164,384.467,0.03409090909090909,0.4114285714285714,0.6629213483146067
385.5,30.0,33,0,0,0.184,385.467,0.04519774011299435,0.4011299435028249,0.5168539325842697
386.5,30.0,29,0,0,0.178,386.467,0.033707865168539325,0.398876404494382,0.5307262569832403
387.5,30.0,28,0,0,0.18,387.506,0.08152173913043478,0.7880434782608695,0.5454545454545454
388.5,30.0,33,0,0,0.2,388.483,0.029069767441860465,0.5287356321839081,0.5977011494252874
389.5,30.0,28,0,0,0.185,389.461,0.05232558139534884,0.5697674418604651,0.5287356321839081
390.5,30.0,32,0,0,0.177,390.487,0.027472527472527472,0.46703296703296704,0.5846994535519126
391.5,30.0,29,0,0,0.185,391.463,0.06395348837209303,0.5086705202312138,0.5232558139534884
392.5,30.0,30,0,0,0.177,392.452,0.045454545454545456,0.4682080924855491,0.6820809248554913
393.5,30.0,32,0,0,0.185,393.484,0.04918032786885246,0.4918918918918919,0.6216216216216216
394.5,30.0,29,0,0,0.175,394.496,0.02247191011235955,0.4175824175824176,0.6
395.5,30.0,29,0,0,0.18,395.499,0.0449438202247191,0.4689265536723164,0.6145251396648045
396.5,30.0,30,0,0,0.193,396.468,0.023529411764705882,0.5906432748538012,0.5930232558139535
397.5,30.0,30,0,0,0.187,397.463,0.04,0.72,0.6910112359550562
398.5,30.0,29,0,0,0.219,398.473,0.05,0.6243093922651933,0.7
399.5,30.0,32,0,0,0.2,399.506,0.03804347826086957,0.4,0.5
400.5,30.0,30,0,0,0.185,400.485,0.023391812865497075,0.45348837209302323,0.6264367816091954
401.5,30.0,27,0,0,0.167,401.466,0.05714285714285714,0.5172413793103449,0.6264367816091954
402.5,30.0,32,0,0,0.189,402.469,0.0223463687150838,0.4406779661016949,0.6067415730337079
403.5,30.0,29,0,0,0.191,403.48,0.03932584269662921,0.4722222222222222,0.6089385474860335
404.5,30.0,32,0,0,0.176,404.484,0.03910614525139665,0.4550561797752809,0.553072625698324
405.5,30.0,28,0,0,0.167,405.49,0.02824858757062147,0.5393258426966292,0.5722222222222222
406.5,30.0,32,0,0,0.204,406.484,0.06818181818181818,0.48863636363636365,0.5224719101123596
407.5,30.0,26,0,0,0.191,407.479,0.05113636363636364,0.5714285714285714,0.6914285714285714
408.5,30.0,34,0,0,0.211,408.486,0.07262569832402235,0.6703910614525139,0.6833333333333333
409.5,30.0,29,0,0,0.182,409.464,0.05172413793103448,0.5086705202312138,0.5058139534883721
410.5,30.0,31,0,0,0.201,410.479,0.027624309392265192,0.5524861878453039,0.6298342541436464
411.5,30.0,30,0,0,0.182,411.475,0.06818181818181818,0.4431818181818182,0.6292134831460674
412.5,30.0,27,0,0,0.19,412.466,0.028409090909090908,0.4576271186440678,0.7386363636363636
413.5,30.0,31,0,0,0.197,413.461,0.0625,0.49142857142857144,0.559322033898305
414.5,30.0,32,0,0,0.176,414.466,0.04519774011299435,0.31843575418994413,0.6722222222222223
415.5,30.0,28,0,0,0.177,415.468,0.05649717514124294,0.519774011299435,0.47752808988764045
416.5,30.0,31,0,0,0.188,416.457,0.03428571428571429,0.49714285714285716,0.6193181818181818
417.5,30.0,32,0,0,0.179,417.49,0.06593406593406594,0.46195652173913043,0.5675675675675675
418.5,30.0,28,0,0,0.177,418.471,0.0755813953488372,0.6763005780346821,0.7225433526011561
419.5,30.0,32,0,0,0.215,419.488,0.044444444444444446,0.4666666666666667,0.6132596685082873
420.5,30.0,29,0,0,0.195,420.481,0.017241379310344827,0.5284090909090909,0.5568181818181818
421.5,30.0,28,0,0,0.181,421.481,0.08,0.3615819209039548,0.6214689265536724
422.5,30.0,32,0,0,0.184,422.479,0.028089887640449437,0.5480225988700564,0.5027932960893855
423.5,30.0,31,0,0,0.178,423.5,0.049723756906077346,0.5,0.554945054945055
424.5,30.0,28,0,0,0.169,424.497,0.045454545454545456,0.3672316384180791,0.5642458100558659
425.5,30.0,31,0,0,0.206,425.517,0.049723756906077346,0.5543478260869565,0.6065573770491803
426.5,30.0,26,0,0,0.192,426.488,0.04093567251461988,0.5755813953488372,0.7052023121387283
427.5,30.0,33,0,0,0.223,427.469,0.046511627906976744,0.44508670520231214,0.5028901734104047
428.5,30.0,32,0,0,0.161,428.488,0.08241758241758242,0.4166666666666667,0.6229508196721312
429.5,30.0,28,0,0,0.217,429.499,0.055865921787709494,0.6333333333333333,0.7388888888888889
430.5,30.0,32,0,0,0.186,430.474,0.03488372093023256,0.47126436781609193,0.6685714285714286
431.5,30.0,29,0,0,0.182,431.465,0.06285714285714286,0.5517241379310345,0.5804597701149425
432.5,30.0,28,0,0,0.203,432.47,0.0335195530726257,0.5141242937853108,0.6235955056179775
433.5,30.0,30,0,0,0.18,433.467,0.045454545454545456,0.5,0.7191011235955056
434.5,30.0,31,0,0,0.213,434.476,0.0335195530726257,0.65,0.5524861878453039
435.5,30.0,32,0,0,0.175,435.504,0.04395604395604396,0.3967391304347826,0.5355191256830601
436.5,30.0,30,0,0,0.163,436.507,0.028089887640449437,0.329608938547486,0.45251396648044695
437.5,30.0,27,0,0,0.17,437.458,0.041666666666666664,0.5238095238095238,0.5773809523809523
438.5,30.0,33,0,0,0.179,438.514,0.06417112299465241,0.47619047619047616,0.5421052631578948
439.5,30.0,30,0,0,0.179,439.494,0.06976744186046512,0.5919540229885057,0.46551724137931033
440.5,30.0,27,0,0,0.167,440.496,0.02247191011235955,0.5955056179775281,0.5754189944134078
441.5,30.0,33,0,0,0.186,441.506,0.05056179775280899,0.5056179775280899,0.6480446927374302
442.5,30.0,28,0,0,0.183,442.463,0.017857142857142856,0.4759036144578313,0.49101796407185627
443.5,30.0,30,0,0,0.167,443.48,0.05056179775280899,0.45555555555555555,0.5911602209944752
444.5,30.0,31,0,0,0.196,444.476,0.033707865168539325,0.5795454545454546,0.8764044943820225
445.5,30.0,28,0,0,0.26,445.473,0.03428571428571429,0.4632768361581921,0.5988700564971752
446.5,30.0,32,0,0,0.17,446.47,0.04519774011299435,0.40782122905027934,0.6815642458100558
447.5,30.0,29,0,0,0.19,447.492,0.03296703296703297,0.39226519337016574,0.6830601092896175
448.5,30.0,31,0,0,0.19,448.489,0.07344632768361582,0.5084745762711864,0.4689265536723164
449.5,30.0,28,0,0,0.183,449.507,0.054945054945054944,0.6740331491712708,0.6961325966850829
450.5,30.0,30,0,0,0.21,450.487,0.028735632183908046,0.41040462427745666,0.68
451.5,30.0,32,0,0,0.2,451.477,0.06321839080459771,0.4742857142857143,0.6949152542372882
452.5,30.0,26,0,0,0.182,452.482,0.028089887640449437,0.5083798882681564,0.5674157303370787
453.5,30.0,33,0,0,0.208,453.485,0.05056179775280899,0.43575418994413406,0.7486033519553073
454.5,30.0,29,0,0,0.176,454.47,0.040229885057471264,0.4482758620689655,0.7159090909090909
455.5,30.0,32,0,0,0.213,455.487,0.03867403314917127,0.5164835164835165,0.5494505494505495
456.5,30.0,29,0,0,0.178,456.473,0.028735632183908046,0.41954022988505746,0.5714285714285714
457.5,30.0,31,0,0,0.167,457.465,0.03428571428571429,0.4431818181818182,0.48863636363636365
458.5,30.0,30,0,0,0.215,458.477,0.08379888268156424,0.5359116022099447,0.6944444444444444
459.5,30.0,30,0,0,0.202,459.486,0.03910614525139665,0.5865921787709497,0.6055555555555555
460.5,30.0,27,0,0,0.184,460.5,0.03314917127071823,0.8296703296703297,0.7071823204419889
461.5,30.0,32,0,0,0.196,461.463,0.07017543859649122,0.5502958579881657,0.5798816568047337
462.5,30.0,30,0,0,0.191,462.517,0.026595744680851064,0.39893617021276595,0.6190476190476191
463.5,30.0,28,0,0,0.187,463.481,0.06547619047619048,0.5146198830409356,0.6
464.5,30.0,29,0,0,0.198,464.474,0.02857142857142857,0.5649717514124294,0.6609195402298851
465.5,30.0,34,0,0,0.185,465.468,0.03977272727272727,0.4350282485875706,0.5340909090909091
466.5,30.0,32,0,0,0.179,466.501,0.060109289617486336,0.5027027027027027,0.5135135135135135
467.5,30.0,26,0,0,0.176,467.467,0.03550295857988166,0.5465116279069767,0.5529411764705883
468.5,30.0,31,0,0,0.175,468.453,0.08092485549132948,0.45714285714285713,0.5
469.5,30.0,30,0,0,0.179,469.475,0.03867403314917127,0.36813186813186816,0.6208791208791209
470.5,30.0,25,0,0,0.173,470.462,0.023121387283236993,0.7314285714285714,0.5480225988700564
471.5,30.0,37,0,0,0.189,471.471,0.056179775280898875,0.5229885057471264,0.5754189944134078
472.5,30.0,29,0,0,0.167,472.491,0.022222222222222223,0.3956043956043956,0.6120218579234973
473.5,30.0,30,0,0,0.197,473.47,0.06547619047619048,0.5606936416184971,0.6857142857142857
474.5,30.0,30,0,0,0.179,474.505,0.043478260869565216,0.5405405405405406,0.4810810810810811
475.5,30.0,28,0,0,0.174,475.464,0.047337278106508875,0.5117647058823529,0.47337278106508873
476.5,30.0,31,0,0,0.193,476.483,0.03333333333333333,0.6338797814207651,0.56353591160221
477.5,30.0,30,0,0,0.199,477.465,0.07514450867052024,0.4114285714285714,0.6242774566473989
478.5,30.0,27,0,0,0.173,478.497,0.07650273224043716,0.34615384615384615,0.6486486486486487
479.5,30.0,34,0,0,0.194,479.487,0.03468208092485549,0.39204545454545453,0.7298850574712644
480.5,30.0,30,0,0,0.182,480.494,0.028089887640449437,0.6797752808988764,0.423728813559322
481.5,30.0,30,0,0,0.23,481.5,0.05027932960893855,0.7722222222222223,0.6777777777777778
482.5,30.0,28,0,0,0.186,482.46,0.03508771929824561,0.4970414201183432,0.4588235294117647
483.5,30.0,32,0,0,0.167,483.489,0.06043956043956044,0.3551912568306011,0.6793478260869565
484.5,30.0,28,0,0,0.188,484.503,0.061452513966480445,0.43820224719101125,0.5277777777777778
485.5,30.0,31,0,0,0.171,485.483,0.05747126436781609,0.4057142857142857,0.4682080924855491
486.5,30.0,30,0,0,0.171,486.464,0.023121387283236993,0.41379310344827586,0.5953757225433526
487.5,30.0,30,0,0,0.196,487.478,0.04419889502762431,0.569060773480663,0.5055555555555555
488.5,30.0,28,0,0,0.202,488.49,0.06779661016949153,0.5469613259668509,0.6775956284153005
489.5,30.0,31,0,0,0.187,489.471,0.040697674418604654,0.45977011494252873,0.6149425287356322
490.5,30.0,30,0,0,0.206,490.506,0.016304347826086956,0.5380434782608695,0.7081081081081081
491.5,30.0,31,0,0,0.21,491.501,0.03428571428571429,0.7344632768361582,0.7288135593220338
492.5,30.0,31,0,0,0.197,492.487,0.028735632183908046,0.4685714285714286,0.5965909090909091
493.5,30.0,27,0,0,0.185,493.497,0.0446927374301676,0.4777777777777778,0.7191011235955056
494.5,30.0,28,0,0,0.213,494.466,0.01764705882352941,0.49122807017543857,0.7485380116959064
495.5,30.0,35,0,0,0.194,495.47,0.05084745762711865,0.4887640449438202,0.5842696629213483
496.5,30.0,30,0,0,0.179,496.48,0.0446927374301676,0.3407821229050279,0.553072625698324
497.5,30.0,27,0,0,0.172,497.496,0.03888888888888889,0.6428571428571429,0.6483516483516484
498.5,30.0,33,0,0,0.2,498.458,0.09411764705882353,0.6352941176470588,0.5443786982248521
499.5,30.0,30,0,0,0.191,499.499,0.05405405405405406,0.5721925133689839,0.5081081081081081
500.5,30.0,31,0,0,0.18,500.498,0.02824858757062147,0.4180790960451977,0.5561797752808989
501.5,30.0,26,0,0,0.188,501.471,0.03508771929824561,0.6395348837209303,0.6686046511627907
502.5,30.0,34,0,0,0.209,502.506,0.04371584699453552,0.5891891891891892,0.6935483870967742
503.5,30.0,27,0,0,0.181,503.478,0.07100591715976332,0.48255813953488375,0.6081871345029239
504.5,30.0,31,0,0,0.186,504.47,0.03389830508474576,0.5706214689265536,0.5795454545454546
505.5,30.0,30,0,0,0.191,505.489,0.03333333333333333,0.554945054945055,0.6961325966850829
506.5,30.0,27,0,0,0.203,506.458,0.040697674418604654,0.6647398843930635,0.653179190751445
507.5,30.0,34,0,0,0.201,507.478,0.049723756906077346,0.47513812154696133,0.7071823204419889
508.5,30.0,25,0,0,0.18,508.468,0.08571428571428572,0.5423728813559322,0.5681818181818182
509.5,30.0,35,0,0,0.194,509.456,0.03468208092485549,0.3142857142857143,0.6440677966101694
510.5,30.0,29,0,0,0.186,510.474,0.027624309392265192,0.4530386740331492,0.6464088397790055
511.5,30.0,31,0,0,0.177,511.519,0.04838709677419355,0.49732620320855614,0.6935483870967742
512.5,30.0,30,0,0,0.198,512.487,0.05263157894736842,0.8070175438596491,0.5321637426900585
513.5,30.0,29,0,0,0.189,513.496,0.0446927374301676,0.5666666666666667,0.55
514.5,30.0,27,0,0,0.177,514.481,0.02857142857142857,0.5942857142857143,0.64
515.5,30.0,31,0,0,0.187,515.474,0.03468208092485549,0.4293785310734463,0.6761363636363636
516.5,30.0,33,0,0,0.179,516.489,0.027777777777777776,0.4530386740331492,0.574585635359116
517.5,30.0,29,0,0,0.166,517.487,0.04519774011299435,0.4350282485875706,0.5056179775280899
518.5,30.0,28,0,0,0.205,518.49,0.09659090909090909,0.5112359550561798,0.8146067415730337
519.5,30.0,30,0,0,0.188,519.464,0.04093567251461988,0.5523255813953488,0.5406976744186046
520.5,30.0,33,0,0,0.187,520.477,0.03910614525139665,0.5,0.5611111111111111
521.5,30.0,29,0,0,0.179,521.475,0.03409090909090909,0.5423728813559322,0.6292134831460674
522.5,30.0,31,0,0,0.174,522.495,0.03888888888888889,0.5966850828729282,0.5054945054945055
523.5,30.0,26,0,0,0.193,523.459,0.041176470588235294,0.5906432748538012,0.7485380116959064
524.5,30.0,33,0,0,0.194,524.465,0.028089887640449437,0.3743016759776536,0.6759776536312849
525.5,30.0,31,0,0,0.19,525.475,0.044444444444444446,0.4530386740331492,0.6333333333333333
526.5,30.0,32,0,0,0.181,526.514,0.043478260869565216,0.478494623655914,0.6935483870967742
527.5,30.0,27,0,0,0.18,527.48,0.04093567251461988,0.4418604651162791,0.5813953488372093
528.5,30.0,29,0,0,0.21,528.472,0.09195402298850575,0.3898305084745763,0.6647727272727273
529.5,30.0,31,0,0,0.176,529.473,0.03954802259887006,0.5168539325842697,0.5674157303370787
530.5,30.0,32,0,0,0.175,530.488,0.04395604395604396,0.42777777777777776,0.6850828729281768
531.5,30.0,29,0,0,0.182,531.458,0.052941176470588235,0.4853801169590643,0.7176470588235294
532.5,30.0,28,0,0,0.184,532.457,0.05056179775280899,0.4943820224719101,0.6853932584269663
533.5,30.0,33,0,0,0.19,533.458,0.05747126436781609,0.6145251396648045,0.6797752808988764
534.5,30.0,29,0,0,0.192,534.494,0.04838709677419355,0.4972677595628415,0.5459459459459459
535.5,30.0,28,0,0,0.16,535.454,0.0872093023255814,0.3431952662721893,0.6257309941520468
536.5,30.0,33,0,0,0.181,536.468,0.027777777777777776,0.46408839779005523,0.6222222222222222
537.5,30.0,28,0,0,0.208,537.482,0.055865921787709494,0.43646408839779005,0.5580110497237569
538.5,30.0,30,0,0,0.17,538.517,0.08648648648648649,0.34594594594594597,0.5860215053763441
539.5,30.0,30,0,0,0.168,539.469,0.03592814371257485,0.3712574850299401,0.592814371257485
540.5,30.0,29,0,0,0.17,540.47,0.022727272727272728,0.42134831460674155,0.7303370786516854
541.5,30.0,33,0,0,0.2,541.496,0.0546448087431694,0.6086956521739131,0.6318681318681318
542.5,30.0,27,0,0,0.202,542.503,0.0670391061452514,0.5363128491620112,0.6089385474860335
543.5,30.0,32,0,0,0.172,543.479,0.05232558139534884,0.6379310344827587,0.6781609195402298
544.5,30.0,27,0,0,0.2,544.454,0.04093567251461988,0.5581395348837209,0.627906976744186
545.5,30.0,34,0,0,0.172,545.495,0.043243243243243246,0.3709677419354839,0.5561497326203209
546.5,30.0,27,0,0,0.181,546.473,0.034482758620689655,0.3583815028901734,0.7225433526011561
547.5,30.0,29,0,0,0.167,547.481,0.0449438202247191,0.4438202247191011,0.6201117318435754
548.5,30.0,34,0,0,0.187,548.518,0.07103825136612021,0.5217391304347826,0.6324324324324324
549.5,30.0,27,0,0,0.235,549.476,0.05263157894736842,0.48823529411764705,0.7965116279069767
550.5,30.0,33,0,0,0.186,550.512,0.043478260869565216,0.37433155080213903,0.625
551.5,30.0,29,0,0,0.191,551.495,0.04597701149425287,0.4857142857142857,0.7028571428571428
552.5,30.0,28,0,0,0.175,552.47,0.05813953488372093,0.4046242774566474,0.6802325581395349
553.5,30.0,30,0,0,0.181,553.493,0.038461538461538464,0.366120218579235,0.7403314917127072
554.5,30.0,30,0,0,0.185,554.461,0.04093567251461988,0.6198830409356725,0.48255813953488375
555.5,30.0,32,0,0,0.186,555.496,0.03260869565217391,0.5434782608695652,0.6324324324324324
556.5,30.0,28,0,0,0.183,556.481,0.029069767441860465,0.46285714285714286,0.7215909090909091
557.5,30.0,31,0,0,0.207,557.462,0.046242774566473986,0.5058823529411764,0.7701149425287356
558.5,30.0,29,0,0,0.195,558.483,0.049723756906077346,0.4861878453038674,0.7348066298342542
559.5,30.0,29,0,0,0.184,559.462,0.05263157894736842,0.5202312138728323,0.6839080459770115
560.5,30.0,32,0,0,0.198,560.464,0.02824858757062147,0.45,0.6145251396648045
561.5,30.0,26,0,0,0.192,561.481,0.03888888888888889,0.430939226519337,0.6428571428571429
562.5,30.0,36,0,0,0.195,562.504,0.04945054945054945,0.5444444444444444,0.546448087431694
563.5,30.0,29,0,0,0.175,563.508,0.04519774011299435,0.43575418994413406,0.6201117318435754
564.5,30.0,30,0,0,0.172,564.502,0.028409090909090908,0.6666666666666666,0.5842696629213483
565.5,30.0,29,0,0,0.193,565.49,0.04,0.4540229885057471,0.75
566.5,30.0,29,0,0,0.19,566.46,0.029239766081871343,0.4127906976744186,0.5988372093023255
567.5,30.0,32,0,0,0.178,567.487,0.06486486486486487,0.5956284153005464,0.5524861878453039
568.5,30.0,31,0,0,0.186,568.486,0.03409090909090909,0.3651685393258427,0.5754189944134078
569.5,30.0,29,0,0,0.201,569.458,0.07514450867052024,0.5116279069767442,0.7325581395348837
570.5,30.0,30,0,0,0.201,570.483,0.027472527472527472,0.5081967213114754,0.782608695652174
571.5,30.0,31,0,0,0.214,571.493,0.03910614525139665,0.4245810055865922,0.6722222222222223
572.5,30.0,25,0,0,0.188,572.482,0.04046242774566474,0.5885714285714285,0.6228571428571429
573.5,30.0,33,0,0,0.194,573.501,0.03867403314917127,0.42857142857142855,0.521978021978022
574.5,30.0,29,0,0,0.165,574.495,0.04519774011299435,0.3409090909090909,0.6497175141242938
575.5,30.0,33,0,0,0.18,575.5,0.056179775280898875,0.5698324022346368,0.5166666666666667
576.5,30.0,29,0,0,0.17,576.529,0.04891304347826087,0.44808743169398907,0.5191256830601093
577.5,30.0,30,0,0,0.188,577.485,0.023809523809523808,0.5235294117647059,0.6607142857142857
578.5,30.0,31,0,0,0.173,578.477,0.02857142857142857,0.4147727272727273,0.5738636363636364
579.5,30.0,28,0,0,0.197,579.495,0.07262569832402235,0.585635359116022,0.5409836065573771
580.5,30.0,32,0,0,0.177,580.474,0.022988505747126436,0.47701149425287354,0.5172413793103449
581.5,30.0,26,0,0,0.19,581.452,0.01744186046511628,0.4913294797687861,0.764367816091954
582.5,30.0,32,0,0,0.186,582.477,0.0546448087431694,0.4782608695652174,0.6065573770491803
583.5,30.0,29,0,0,0.181,583.489,0.03888888888888889,0.4044943820224719,0.6944444444444444
584.5,30.0,35,0,0,0.194,584.51,0.03296703296703297,0.554945054945055,0.6648351648351648
585.5,30.0,26,0,0,0.182,585.472,0.05263157894736842,0.7602339181286549,0.5906432748538012
586.5,30.0,29,0,0,0.19,586.469,0.045454545454545456,0.5284090909090909,0.751412429378531
587.5,30.0,30,0,0,0.205,587.486,0.03333333333333333,0.4722222222222222,0.6983240223463687
588.5,30.0,30,0,0,0.198,588.475,0.03428571428571429,0.6022727272727273,0.5965909090909091
589.5,30.0,32,0,0,0.182,589.491,0.11049723756906077,0.49444444444444446,0.6923076923076923
590.5,30.0,29,0,0,0.193,590.481,0.02857142857142857,0.4685714285714286,0.7085714285714285
591.5,30.0,32,0,0,0.208,591.492,0.03333333333333333,0.5388888888888889,0.7458563535911602
592.5,30.0,27,0,0,0.191,592.474,0.06896551724137931,0.6242774566473989,0.6184971098265896
593.5,30.0,30,0,0,0.177,593.456,0.057803468208092484,0.43103448275862066,0.7085714285714285
594.5,30.0,32,0,0,0.199,594.492,0.04891304347826087,0.48633879781420764,0.7311827956989247
595.5,30.0,29,0,0,0.194,595.494,0.03932584269662921,0.5224719101123596,0.6966292134831461
596.5,30.0,29,0,0,0.179,596.481,0.028735632183908046,0.5314285714285715,0.5170454545454546
597.5,30.0,30,0,0,0.194,597.457,0.07058823529411765,0.5144508670520231,0.5664739884393064
598.5,30.0,31,0,0,0.192,598.471,0.05027932960893855,0.3240223463687151,0.5027624309392266
599.5,0.0,6,0,0,0.174,599.5,0.08743169398907104,0.03804347826086957,0.032432432432432434
